Table S2. Details of wild-type base-pair substitution (BPS) mutations,,,,,,,,,,,
Norfloxacin concentration (ng/ml),Lines,Position,Mutation,Gene region,Strand,Codon change,Amino acid change,gene,syn/nonsyn,MIC (ng/ml),
0,A1,NC_000913:2947372,G>A,non-coding,,,,,,125,
0,A2,NC_000913:506061,C>G,coding,+,ACC>AGC,T>S,ushA,nonsyn,125,
0,A2,NC_000913:960217,T>C,non-coding,,,,,,125,
0,A2,NC_000913:3227887,G>T,coding,+,CCG>CCT,P>P,ygjJ,syn,125,
0,A4,NC_000913:1651554,G>A,non-coding,,,,,,83,
0,A5,NC_000913:1856360,A>G,coding,-,GTC>GCC,V>A,ydjH,nonsyn,125,
0,A5,NC_000913:3443976,A>T,coding,-,ATC>AAC,I>N,secY,nonsyn,125,
0,A5,NC_000913:4478336,C>T,non-coding,,,,,,125,
0,A7,NC_000913:2725428,A>C,coding,-,TCG>GCG,S>A,kgtP,nonsyn,125,
0,A7,NC_000913:2936204,G>A,coding,+,GCG>GCA,A>A,fucI,syn,125,
0,A8,NC_000913:2691520,T>C,non-coding,,,,,,125,
0,A8,NC_000913:3504535,G>A,coding,+,GTC>ATC,V>I,frlR,nonsyn,125,
0,A8,NC_000913:4312246,C>T,coding,-,CGT>CAT,R>H,alsR,nonsyn,125,
0,A9,NC_000913:223759,C>T,non-coding,,,,,,125,
0,A9,NC_000913:1813315,A>T,non-coding,,,,,,125,
0,A9,NC_000913:4351051,T>A,coding,-,GTA>GTT,V>V,dcuS,syn,125,
0,A11,NC_000913:246626,A>C,non-coding,,,,,,125,
0,A11,NC_000913:4534809,T>G,non-coding,,,,,,125,
0,A12,NC_000913:1692869,T>G,non-coding,,,,,,125,
0,A14,NC_000913:4251130,A>G,non-coding,,,,,,125,
0,A15,NC_000913:175372,T>G,coding,+,CTG>CGG,L>R,clcA,nonsyn,125,
0,A16,NC_000913:1720814,G>A,coding,-,CCA>CTA,P>L,slyA,nonsyn,125,
0,A16,NC_000913:3844169,C>A,coding,+,GCT>GAT,A>D,ade,nonsyn,125,
0,A16,NC_000913:4260293,A>G,non-coding,,,,,,125,
0,A18,NC_000913:4171648,A>C,non-coding,,,,,,125,
0,A20,NC_000913:3423784,G>A,non-coding,,,,,,125,
0,A21,NC_000913:2196164,A>T,coding,+,GAT>GTT,D>V,metG,nonsyn,125,
0,A22,NC_000913:1525774,A>C,coding,-,ATT>ATG,I>M,ansP,nonsyn,125,
0,A22,NC_000913:2108682,A>C,coding,-,GGT>GGG,G>G,wzxB,syn,125,
0,A22,NC_000913:3460841,G>A,coding,+,GGC>GAC,G>D,gspF,nonsyn,125,
0,A22,NC_000913:3541708,G>T,coding,+,GCG>GCT,A>A,feoB,syn,125,
0,A22,NC_000913:4069690,T>C,coding,-,ACC>GCC,T>A,yihR,nonsyn,125,
0,A23,NC_000913:800299,C>T,coding,-,GGT>AGT,G>S,ybhD,nonsyn,125,
0,A23,NC_000913:2987685,T>C,coding,+,GGT>GGC,G>G,yqeH,syn,125,
0,A23,NC_000913:3502273,G>C,coding,+,GGT>CGT,G>R,frlB,nonsyn,125,
0,A23,NC_000913:3669638,T>G,coding,+,ATC>AGC,I>S,treF,nonsyn,125,
0,A24,NC_000913:768980,A>G,coding,+,AAT>GAT,N>D,mngB,nonsyn,63,
0,A24,NC_000913:1815593,C>T,coding,+,CCT>CTT,P>L,katE,nonsyn,63,
0,A24,NC_000913:3268796,C>T,coding,+,CCA>TCA,P>S,yhaC,nonsyn,63,
0,A26,NC_000913:291457,T>G,non-coding,,,,,,125,
0,A26,NC_000913:2969654,A>G,non-coding,,,,,,125,
0,A28,NC_000913:1968302,A>G,coding,-,TTC>TCC,F>S,cheB,nonsyn,125,
0,A28,NC_000913:3029025,G>A,coding,-,ACG>ATG,T>M,ygfT,nonsyn,125,
0,A29,NC_000913:599535,C>T,coding,+,GGC>GGT,G>G,cusA,syn,125,
0,A29,NC_000913:1751449,G>A,coding,-,ATC>ATT,I>I,ydhW,syn,125,
0,A29,NC_000913:2969316,G>T,non-coding,,,,,,125,
0,A31,NC_000913:521821,T>A,coding,+,CTG>CAG,L>Q,ybbP,nonsyn,63,
0,A31,NC_000913:1593525,A>C,non-coding,,,,,,63,
0,A32,NC_000913:4168529,A>C,non-coding,,,,,,125,
0,A34,NC_000913:2821727,G>T,coding,-,GGC>GGA,G>G,alaS,syn,125,
0,A35,NC_000913:1687983,G>A,coding,-,GCG>GTG,A>V,fumA,nonsyn,125,
0,A35,NC_000913:3874376,T>G,coding,-,GCA>GCC,A>A,dgoK,syn,125,
0,A36,NC_000913:4040661,G>A,non-coding,,,,,,125,
0,A38,NC_000913:220809,A>T,coding,-,GGT>GGA,G>G,metQ,syn,125,
0,A38,NC_000913:1665342,G>A,coding,+,GTC>ATC,V>I,clcB,nonsyn,125,
0,A38,NC_000913:4143862,T>C,coding,+,GTG>GCG,V>A,frwB,nonsyn,125,
0,A39,NC_000913:2976376,T>C,non-coding,,,,,,125,
0,A39,NC_000913:3264003,G>A,coding,-,CTG>TTG,L>L,tdcC,syn,125,
0,A40,NC_000913:1757559,G>T,coding,+,GAC>TAC,D>Y,lpp,nonsyn,125,
0,A40,NC_000913:2062705,A>T,coding,-,TGT>AGT,C>S,ldtA,nonsyn,125,
0,A40,NC_000913:3074709,T>A,coding,-,ACC>TCC,T>S,yggD,nonsyn,125,
0,A40,NC_000913:3933874,A>C,coding,+,ATG>CTG,M>L,rbsA,nonsyn,125,
0,A40,NC_000913:4526997,C>G,coding,-,GCA>CCA,A>P,sgcE,nonsyn,125,
0,A41,NC_000913:158546,A>G,coding,-,CTG>CCG,L>P,pcnB,nonsyn,125,
0,A41,NC_000913:286026,A>T,coding,+,CAG>CTG,Q>L,yagG,nonsyn,125,
0,A41,NC_000913:1668767,G>C,coding,-,CCG>GCG,P>A,ynfL,nonsyn,125,
0,A43,NC_000913:72956,A>T,coding,-,TTT>TTA,F>L,thiP,nonsyn,125,
0,A44,NC_000913:1904072,G>A,coding,+,GCT>ACT,A>T,manZ,nonsyn,125,
0,A44,NC_000913:3941570,A>G,non-coding,,,,,,125,
0,A44,NC_000913:4432016,T>C,non-coding,,,,,,125,
0,A44,NC_000913:4451238,G>A,coding,+,GCC>ACC,A>T,ytfR,nonsyn,125,
0,A45,NC_000913:2188968,G>A,coding,-,GCC>GTC,A>V,yehB,nonsyn,125,
0,A45,NC_000913:2731291,G>A,non-coding,,,,,,125,
0,A45,NC_000913:4071379,C>T,coding,-,ACG>ACA,T>T,yihS,syn,125,
0,A46,NC_000913:538570,C>A,coding,+,GCG>GAG,A>E,ybbW,nonsyn,125,
0,A47,NC_000913:156086,T>A,coding,-,GAT>GTT,D>V,yadV,nonsyn,125,
0,A47,NC_000913:634013,C>T,coding,+,GCA>GTA,A>V,ybdL,nonsyn,125,
0,A47,NC_000913:865084,T>G,coding,-,ATC>CTC,I>L,moeB,nonsyn,125,
0,A47,NC_000913:1809721,C>T,coding,+,GCC>GCT,A>A,yniC,syn,125,
12.5,B3,NC_000913:2359031,T>G,coding,-,GCA>GCC,A>A,rhmT,syn,125,
12.5,B4,NC_000913:1344302,C>T,coding,-,CAG>CAA,Q>Q,yciT,syn,125,
12.5,B4,NC_000913:3619208,C>T,coding,+,GCG>GTG,A>V,rhsB,nonsyn,125,
12.5,B4,NC_000913:3838641,G>T,coding,+,GCT>TCT,A>S,yicL,nonsyn,125,
12.5,B5,NC_000913:3269881,A>C,non-coding,,,,,,125,
12.5,B6,NC_000913:1338161,T>C,coding,+,AGT>AGC,S>S,acnA,syn,125,
12.5,B8,NC_000913:2888823,G>A,coding,-,CCG>CTG,P>L,cysI,nonsyn,125,
12.5,B9,NC_000913:2050291,C>T,coding,+,GCT>GTT,A>V,yeeJ,nonsyn,125,
12.5,B9,NC_000913:2054648,G>C,coding,+,GCG>CCG,A>P,shiA,nonsyn,125,
12.5,B9,NC_000913:2733301,G>A,coding,-,GGC>GGT,G>G,clpB,syn,125,
12.5,B9,NC_000913:4640763,G>T,non-coding,,,,,,125,
12.5,B10,NC_000913:1632837,A>G,non-coding,,,,,,125,
12.5,B10,NC_000913:1915267,C>A,coding,-,GAG>TAG,E>*,proQ,nonsyn,125,
12.5,B10,NC_000913:2993655,T>C,coding,+,GGT>GGC,G>G,ygeI,syn,125,
12.5,B10,NC_000913:3923616,T>G,coding,-,AAC>ACC,N>T,rsmG,nonsyn,125,
12.5,B11,NC_000913:1558780,T>G,coding,-,AAC>CAC,N>H,ddpD,nonsyn,125,
12.5,B12,NC_000913:4299453,C>T,non-coding,,,,,,125,
12.5,B13,NC_000913:1310954,C>A,non-coding,,,,,,125,
12.5,B13,NC_000913:2740856,G>T,coding,-,CCC>ACC,P>T,aroF,nonsyn,125,
12.5,B13,NC_000913:3322354,A>G,coding,-,TTC>TCC,F>S,secG,nonsyn,125,
12.5,B14,NC_000913:2058207,T>G,coding,-,GAA>GCA,E>A,yeeO,nonsyn,125,
12.5,B15,NC_000913:2784285,A>G,non-coding,,,,,,125,
12.5,B16,NC_000913:266705,T>G,non-coding,,,,,,125,
12.5,B16,NC_000913:2759621,A>G,coding,+,AAA>GAA,K>E,yfjI,nonsyn,125,
12.5,B16,NC_000913:3244945,T>C,non-coding,,,,,,125,
12.5,B17,NC_000913:1545672,T>C,non-coding,,,,,,125,
12.5,B17,NC_000913:3751902,G>T,non-coding,,,,,,125,
12.5,B18,NC_000913:2538560,C>T,non-coding,,,,,,125,
12.5,B19,NC_000913:1169000,T>C,non-coding,,,,,,125,
12.5,B19,NC_000913:2156546,A>G,coding,+,AAA>AAG,K>K,mdtB,syn,125,
12.5,B19,NC_000913:2284285,C>A,coding,+,CAA>AAA,Q>K,yejL,nonsyn,125,
12.5,B19,NC_000913:4421149,C>T,coding,+,ATC>ATT,I>I,ulaA,syn,125,
12.5,B20,NC_000913:1170796,C>G,coding,-,GCG>CCG,A>P,mfd,nonsyn,125,
12.5,B21,NC_000913:79650,A>T,coding,-,CCT>CCA,P>P,leuC,syn,125,
12.5,B23,NC_000913:2253522,C>T,coding,-,ATG>ATA,M>I,nupX,nonsyn,125,
12.5,B23,NC_000913:3346204,A>C,coding,+,GAG>GCG,E>A,hpf,nonsyn,125,
12.5,B24,NC_000913:610349,C>T,coding,-,GAT>AAT,D>N,fepA,nonsyn,125,
12.5,B24,NC_000913:984799,C>T,coding,-,CGT>CAT,R>H,aspC,nonsyn,125,
12.5,B24,NC_000913:1089460,C>T,coding,-,TGG>TAG,W>*,pgaB,nonsyn,125,
12.5,B24,NC_000913:2726102,A>C,non-coding,,,,,,125,
12.5,B25,NC_000913:4606239,A>G,non-coding,,,,,,125,
12.5,B25,NC_000913:4641534,A>C,coding,+,GAC>GCC,D>A,yjtD,nonsyn,125,
12.5,B26,NC_000913:1705651,A>G,coding,+,AAA>AAG,K>K,ydgK,syn,125,
12.5,B27,NC_000913:1609320,G>C,coding,-,ACG>AGG,T>R,uxaB,nonsyn,125,
12.5,B28,NC_000913:157221,C>T,non-coding,,,,,,125,
12.5,B28,NC_000913:1390179,C>T,coding,-,GCG>GCA,A>A,mpaA,syn,125,
12.5,B28,NC_000913:2382869,A>C,coding,+,ATT>CTT,I>L,elaD,nonsyn,125,
12.5,B29,NC_000913:300557,C>G,coding,-,GCG>GCC,A>A,paoC,syn,125,
12.5,B29,NC_000913:2317225,G>C,coding,-,TAC>TAG,Y>*,rcsC,nonsyn,125,
12.5,B29,NC_000913:2469717,C>T,coding,+,TCA>TTA,S>L,gtrS,nonsyn,125,
12.5,B29,NC_000913:2797356,G>A,coding,+,GGA>GAA,G>E,ygaV,nonsyn,125,
12.5,B31,NC_000913:172927,C>G,coding,+,GCG>GGG,A>G,fhuB,nonsyn,125,
12.5,B31,NC_000913:401242,A>G,non-coding,,,,,,125,
12.5,B31,NC_000913:3830155,T>G,coding,+,CTG>CGG,L>R,xanP,nonsyn,125,
12.5,B32,NC_000913:637634,T>C,non-coding,,,,,,125,
12.5,B32,NC_000913:1608917,T>G,coding,-,ATC>CTC,I>L,yneE,nonsyn,125,
12.5,B33,NC_000913:1817994,G>A,coding,-,ATC>ATT,I>I,chbF,syn,125,
12.5,B33,NC_000913:2090356,C>T,coding,+,GAC>GAT,D>D,hisG,syn,125,
12.5,B33,NC_000913:3211766,G>A,coding,+,GGG>GGA,G>G,dnaG,syn,125,
12.5,B33,NC_000913:3313792,G>C,coding,-,GCC>GCG,A>A,infB,syn,125,
12.5,B34,NC_000913:2095514,C>T,coding,+,GTC>GTT,V>V,hisA,syn,125,
12.5,B34,NC_000913:4171648,A>C,non-coding,,,,,,125,
12.5,B35,NC_000913:354662,T>C,non-coding,,,,,,125,
12.5,B35,NC_000913:354669,T>G,non-coding,,,,,,125,
12.5,B35,NC_000913:1178806,G>A,coding,+,GAT>AAT,D>N,nagK,nonsyn,125,
12.5,B35,NC_000913:1365152,C>T,coding,+,CGC>CGT,R>R,puuB,syn,125,
12.5,B35,NC_000913:2676300,G>A,coding,-,CCG>TCG,P>S,yphD,nonsyn,125,
12.5,B35,NC_000913:3151456,C>A,coding,-,GCT>TCT,A>S,codingbB,nonsyn,125,
12.5,B35,NC_000913:3818929,C>A,coding,+,GCG>GAG,A>E,yicG,nonsyn,125,
12.5,B36,NC_000913:1562903,C>T,coding,-,CAG>CAA,Q>Q,ddpX,syn,125,
12.5,B36,NC_000913:3143807,A>C,coding,-,TAC>GAC,Y>D,hybB,nonsyn,125,
12.5,B37,NC_000913:4406145,A>G,non-coding,,,,,,125,
12.5,B38,NC_000913:1968153,G>A,coding,-,CTG>TTG,L>L,cheB,syn,125,
12.5,B39,NC_000913:697033,T>C,non-coding,,,,,,125,
12.5,B39,NC_000913:4480802,C>A,coding,+,GCA>GAA,A>E,yjgN,nonsyn,125,
12.5,B40,NC_000913:1012164,C>T,coding,+,GCG>GTG,A>V,pqiA,nonsyn,125,
12.5,B40,NC_000913:1453689,G>T,non-coding,,,,,,125,
12.5,B40,NC_000913:1870531,T>C,coding,+,GGT>GGC,G>G,yeaI,syn,125,
12.5,B40,NC_000913:2564503,T>C,non-coding,,,,,,125,
12.5,B40,NC_000913:4445892,T>G,coding,+,GTT>GGT,V>G,tamB,nonsyn,125,
12.5,B41,NC_000913:922316,C>A,non-coding,,,,,,125,
12.5,B42,NC_000913:2909776,A>T,non-coding,,,,,,125,
12.5,B43,NC_000913:3270330,A>C,non-coding,,,,,,125,
12.5,B44,NC_000913:647291,A>C,coding,-,ATT>ATG,I>M,citG,nonsyn,125,
12.5,B44,NC_000913:2340583,C>G,coding,-,GGC>GCC,G>A,yfaL,nonsyn,125,
12.5,B44,NC_000913:4606354,G>A,non-coding,,,,,,125,
12.5,B45,NC_000913:2435403,G>A,coding,-,CGC>CGT,R>R,truA,syn,125,
12.5,B46,NC_000913:4191851,A>G,coding,-,GAT>GAC,D>D,thiH,syn,125,
12.5,B47,NC_000913:1780682,G>A,coding,+,CTG>CTA,L>L,ydiR,syn,125,
12.5,B47,NC_000913:1968302,A>G,coding,-,TTC>TCC,F>S,cheB,nonsyn,125,
12.5,B47,NC_000913:3927989,C>T,coding,+,CAT>TAT,H>Y,asnA,nonsyn,125,
12.5,B47,NC_000913:4223749,C>T,non-coding,,,,,,125,
12.5,B48,NC_000913:595850,T>A,coding,+,GTG>GAG,V>E,cusC,nonsyn,125,
12.5,B48,NC_000913:3166916,G>A,coding,-,CCG>CTG,P>L,ygiS,nonsyn,125,
25,B48,NC_000913:3661010,A>G,coding,+,GTA>GTG,V>V,mdtF,syn,125,
25,C1,NC_000913:3076329,G>A,coding,-,GCC>GCT,A>A,yggP,syn,125,
25,C2,NC_000913:661528,C>T,non-coding,,,,,,125,
25,C2,NC_000913:3485774,G>A,coding,-,GGC>GGT,G>G,yhfA,syn,125,
25,C3,NC_000913:443080,C>T,coding,-,GCG>ACG,A>T,yajL,nonsyn,125,
25,C3,NC_000913:2141065,C>T,coding,-,CGT>CAT,R>H,asmA,nonsyn,125,
25,C3,NC_000913:3852675,C>G,coding,-,GGT>GCT,G>A,ilvB,nonsyn,125,
25,C3,NC_000913:4505287,A>G,coding,+,ATG>GTG,M>V,yjhC,nonsyn,125,
25,C4,NC_000913:845794,T>A,coding,-,ATC>TTC,I>F,glnQ,nonsyn,125,
25,C4,NC_000913:2830369,A>T,coding,+,CAC>CTC,H>L,srlQ,nonsyn,125,
25,C4,NC_000913:3305413,T>A,coding,-,GCA>GCT,A>A,mtr,syn,125,
25,C5,NC_000913:179327,A>G,coding,+,ATC>GTC,I>V,dgt,nonsyn,125,
25,C5,NC_000913:1642765,T>G,coding,-,ACA>ACC,T>T,quuQ,syn,125,
25,C5,NC_000913:3398665,C>A,coding,-,GGC>TGC,G>C,mreD,nonsyn,125,
25,C6,NC_000913:312806,C>T,non-coding,,,,,,125,
25,C6,NC_000913:4091492,A>T,coding,-,CTG>CAG,L>Q,frvB,nonsyn,125,
25,C6,NC_000913:4280612,C>T,coding,+,AGC>AGT,S>S,yjcE,syn,125,
25,C7,NC_000913:1332802,T>G,coding,+,GGT>GGG,G>G,topA,syn,125,
25,C7,NC_000913:1706113,T>G,coding,+,GTG>GGG,V>G,rsxA,nonsyn,125,
25,C7,NC_000913:4268627,T>C,non-coding,,,,,,125,
25,C8,NC_000913:911961,C>T,coding,-,GGC>AGC,G>S,hcr,nonsyn,125,
25,C8,NC_000913:1862588,A>T,non-coding,,,,,,125,
25,C9,NC_000913:722790,G>A,coding,-,ACG>ATG,T>M,kdpD,nonsyn,125,
25,C9,NC_000913:4431626,T>C,coding,-,ACC>GCC,T>A,ytfE,nonsyn,125,
25,C10,NC_000913:3318546,G>A,non-coding,,,,,,125,
25,C11,NC_000913:383836,C>T,coding,-,GCC>ACC,A>T,yaiP,nonsyn,125,
25,C11,NC_000913:1402302,A>T,coding,-,GGT>GGA,G>G,abgB,syn,125,
25,C12,NC_000913:1152244,T>A,coding,+,GGT>GGA,G>G,fabF,syn,125,
25,C12,NC_000913:1614801,G>A,non-coding,,,,,,125,
25,C12,NC_000913:2107888,T>C,coding,-,ATA>GTA,I>V,glf,nonsyn,125,
25,C13,NC_000913:1334766,C>T,coding,+,GTC>GTT,V>V,cysB,syn,125,
25,C13,NC_000913:1433502,G>T,coding,-,GCT>GAT,A>D,pinR,nonsyn,125,
25,C14,NC_000913:2934426,C>A,coding,+,GGC>GGA,G>G,fucP,syn,125,
25,C15,NC_000913:733124,A>T,coding,+,AAC>ATC,N>I,rhsC,nonsyn,125,
25,C15,NC_000913:1349907,C>A,coding,-,TTG>TTT,L>F,yciW,nonsyn,125,
25,C15,NC_000913:2401370,G>A,coding,-,CGC>CGT,R>R,nuoF,syn,125,
25,C15,NC_000913:4545052,A>G,non-coding,,,,,,125,
25,C16,NC_000913:1531471,A>T,non-coding,,,,,,125,
25,C16,NC_000913:1726004,G>A,non-coding,,,,,,125,
25,C16,NC_000913:4517267,A>G,coding,-,TGG>CGG,W>R,fecR,nonsyn,125,
25,C17,NC_000913:4616374,T>C,coding,-,TAC>TGC,Y>C,yjjI,nonsyn,125,
25,C18,NC_000913:1345393,A>T,coding,-,CGT>CGA,R>R,gmr,syn,125,
25,C18,NC_000913:1348147,C>T,coding,-,GGC>AGC,G>S,rnb,nonsyn,125,
25,C18,NC_000913:2707848,G>C,coding,-,CAA>GAA,Q>E,rseB,nonsyn,125,
25,C18,NC_000913:3892347,G>C,coding,+,GCG>CCG,A>P,mdtL,nonsyn,125,
25,C18,NC_000913:4312772,T>G,coding,-,AGC>CGC,S>R,alsR,nonsyn,125,
25,C19,NC_000913:955283,A>C,coding,-,GGT>GGG,G>G,ycaO,syn,125,
25,C19,NC_000913:1791365,T>C,coding,-,CAG>CGG,Q>R,ydiV,nonsyn,125,
25,C19,NC_000913:3923045,T>C,non-coding,,,,,,125,
25,C20,NC_000913:1101274,C>T,coding,-,ATG>ATA,M>I,csgG,nonsyn,104,
25,C20,NC_000913:3083833,C>A,non-coding,,,,,,104,
25,C21,NC_000913:3033551,G>A,coding,+,GTG>ATG,V>M,idi,nonsyn,125,
25,C21,NC_000913:4201043,G>A,coding,+,GGG>AGG,G>R,yjaH,nonsyn,125,
25,C21,NC_000913:4214853,T>C,coding,+,TCG>CCG,S>P,metA,nonsyn,125,
25,C22,NC_000913:931182,T>A,coding,-,GAT>GTT,D>V,trxB,nonsyn,167,
25,C22,NC_000913:1529743,A>G,non-coding,,,,,,167,
25,C22,NC_000913:3256132,G>T,coding,-,CAA>AAA,Q>K,yhaM,nonsyn,167,
25,C23,NC_000913:1832976,G>T,coding,+,GAG>GAT,E>D,xthA,nonsyn,167,
25,C23,NC_000913:3095781,G>C,coding,+,GCG>GCC,A>A,yggS,syn,167,
25,C24,NC_000913:2546009,G>A,coding,+,CTG>CTA,L>L,murQ,syn,125,
25,C25,NC_000913:3504133,G>C,coding,+,GTT>CTT,V>L,frlR,nonsyn,125,
25,C26,NC_000913:2463185,A>G,coding,+,ATA>ATG,I>M,yfdF,nonsyn,125,
25,C26,NC_000913:2661974,C>A,coding,-,GGT>GTT,G>V,iscR,nonsyn,125,
25,C27,NC_000913:3383320,C>T,non-coding,,,,,,125,
25,C28,NC_000913:2252755,C>A,coding,+,GCC>GCA,A>A,yeiI,syn,167,
25,C29,NC_000913:637443,C>A,coding,-,CGC>CTC,R>L,ybdO,nonsyn,125,
25,C29,NC_000913:1632837,A>G,non-coding,,,,,,125,
25,C29,NC_000913:1946406,A>C,coding,+,GCA>GCC,A>A,yebB,syn,125,
25,C29,NC_000913:2178725,C>T,non-coding,,,,,,125,
25,C30,NC_000913:649522,C>T,coding,-,TGG>TAG,W>*,citF,nonsyn,125,
25,C30,NC_000913:1138575,G>A,coding,+,GAG>GAA,E>E,flgK,syn,125,
25,C30,NC_000913:1202198,T>C,non-coding,,,,,,125,
25,C30,NC_000913:1284640,A>G,coding,+,GAA>GGA,E>G,narH,nonsyn,125,
25,C30,NC_000913:2911335,A>T,coding,-,ATC>AAC,I>N,mazE,nonsyn,125,
25,C30,NC_000913:3715038,T>G,coding,-,ATC>CTC,I>L,bisC,nonsyn,125,
25,C31,NC_000913:4330783,T>G,coding,+,GGT>GGG,G>G,proP,syn,125,
25,C32,NC_000913:1641780,A>G,non-coding,,,,,,125,
25,C32,NC_000913:3341660,G>T,coding,+,CGC>CTC,R>L,kdsD,nonsyn,125,
25,C33,NC_000913:3651306,A>C,non-coding,,,,,,104,
25,C35,NC_000913:2752121,T>C,coding,+,GGT>GGC,G>G,recN,syn,104,
25,C35,NC_000913:3577146,G>A,coding,-,ACC>ACT,T>T,gntK,syn,104,
25,C36,NC_000913:2109653,C>G,coding,-,GGG>GGC,G>G,rfbC,syn,125,
25,C36,NC_000913:2929564,G>A,non-coding,,,,,,125,
25,C36,NC_000913:4144239,A>C,coding,+,GAC>GCC,D>A,pflD,nonsyn,125,
25,C38,NC_000913:1092996,T>C,coding,+,TCA>CCA,S>P,ycdT,nonsyn,125,
25,C41,NC_000913:219461,G>C,coding,-,GCC>GGC,A>G,tsaA,nonsyn,125,
25,C41,NC_000913:1655235,T>C,non-coding,,,,,,125,
25,C41,NC_000913:1968302,A>G,coding,-,TTC>TCC,F>S,cheB,nonsyn,125,
25,C41,NC_000913:2196261,C>A,coding,+,GCC>GCA,A>A,metG,syn,125,
25,C42,NC_000913:1393982,A>T,coding,+,GCA>GCT,A>A,mppA,syn,63,
25,C42,NC_000913:1579925,C>T,coding,-,GGA>GAA,G>E,ydeM,nonsyn,63,
25,C42,NC_000913:1770395,T>G,non-coding,,,,,,63,
25,C42,NC_000913:4325988,G>T,non-coding,,,,,,63,
25,C42,NC_000913:4577264,T>A,coding,-,GAT>GTT,D>V,mcrC,nonsyn,63,
25,C43,NC_000913:998695,C>A,coding,+,ACC>AAC,T>N,elfD,nonsyn,125,
25,C43,NC_000913:1438372,T>G,coding,-,ACA>CCA,T>P,pfo,nonsyn,125,
25,C43,NC_000913:1741541,C>A,coding,+,AAC>AAA,N>K,cfa,nonsyn,125,
25,C43,NC_000913:2013347,T>G,coding,+,ATC>AGC,I>S,fliF,nonsyn,125,
25,C43,NC_000913:3493798,C>T,non-coding,,,,,,125,
25,C44,NC_000913:1287202,A>G,non-coding,,,,,,125,
25,C44,NC_000913:1287217,G>T,non-coding,,,,,,125,
25,C44,NC_000913:1287219,G>A,non-coding,,,,,,125,
25,C44,NC_000913:1287220,A>G,non-coding,,,,,,125,
25,C44,NC_000913:1760093,A>T,coding,-,ATC>AAC,I>N,sufS,nonsyn,125,
25,C44,NC_000913:1929226,A>C,coding,-,GTC>GGC,V>G,yebE,nonsyn,125,
25,C44,NC_000913:2751755,A>G,non-coding,,,,,,125,
25,C44,NC_000913:3967828,A>G,non-coding,,,,,,125,
25,C44,NC_000913:4392564,T>C,non-coding,,,,,,125,
25,C44,NC_000913:4392567,G>A,non-coding,,,,,,125,
25,C45,NC_000913:2574887,A>T,coding,-,GAT>GAA,D>E,eutQ,nonsyn,167,
25,C45,NC_000913:3428571,T>C,non-coding,,,,,,167,
25,C46,NC_000913:135027,T>A,coding,-,AAT>TAT,N>Y,speD,nonsyn,125,
25,C46,NC_000913:1840450,T>C,coding,+,TAT>TAC,Y>Y,ynjE,syn,125,
25,C46,NC_000913:2394724,C>A,coding,-,CGC>CTC,R>L,nuoL,nonsyn,125,
25,C46,NC_000913:4028818,C>G,coding,-,GAG>GAC,E>D,fadB,nonsyn,125,
25,C47,NC_000913:1934595,G>A,coding,-,CAA>TAA,Q>*,edd,nonsyn,125,
25,C48,NC_000913:313588,A>G,non-coding,,,,,,125,
25,C48,NC_000913:1563737,A>T,coding,-,GTA>GAA,V>E,dosP,nonsyn,125,
25,C48,NC_000913:4223955,C>A,coding,+,GCC>GAC,A>D,metH,nonsyn,125,
37.5,D1,NC_000913:143672,A>C,coding,+,TCA>TCC,S>S,yadG,syn,125,
37.5,D1,NC_000913:2549122,G>T,coding,+,GAT>TAT,D>Y,yfeW,nonsyn,125,
37.5,D2,NC_000913:1388617,T>A,coding,-,GTA>GTT,V>V,tpx,syn,167,
37.5,D2,NC_000913:1870281,A>G,non-coding,,,,,,167,
37.5,D2,NC_000913:3535613,T>G,coding,-,ATC>CTC,I>L,envZ,nonsyn,167,
37.5,D2,NC_000913:4421607,T>C,coding,+,GTG>GCG,V>A,ulaB,nonsyn,167,
37.5,D2,NC_000913:4431939,A>C,coding,-,ATT>ATG,I>M,ytfE,nonsyn,167,
37.5,D3,NC_000913:3220545,T>G,coding,+,CTG>CGG,L>R,patA,nonsyn,125,
37.5,D3,NC_000913:3397431,T>C,coding,-,GAT>GGT,D>G,rng,nonsyn,125,
37.5,D3,NC_000913:3769734,A>G,non-coding,,,,,,125,
37.5,D4,NC_000913:1677438,G>T,coding,-,CAA>AAA,Q>K,pntA,nonsyn,125,
37.5,D4,NC_000913:4599160,C>T,coding,-,CTG>CTA,L>L,opgB,syn,125,
37.5,D5,NC_000913:657417,A>C,coding,+,AAA>AAC,K>N,cspE,nonsyn,125,
37.5,D5,NC_000913:4273801,T>C,coding,-,GAC>GGC,D>G,uvrA,nonsyn,125,
37.5,D6,NC_000913:485846,T>G,coding,+,GTA>GGA,V>G,acrR,nonsyn,333,
37.5,D6,NC_000913:781114,T>G,non-coding,,,,,,333,
37.5,D7,NC_000913:395975,T>C,coding,-,ACC>GCC,T>A,ampH,nonsyn,125,
37.5,D7,NC_000913:480178,T>G,coding,-,TAC>TCC,Y>S,hha,nonsyn,125,
37.5,D7,NC_000913:1626045,C>T,coding,-,GTC>ATC,V>I,dcp,nonsyn,125,
37.5,D7,NC_000913:2690224,C>T,coding,-,AGC>AAC,S>N,glrK,nonsyn,125,
37.5,D7,NC_000913:3960017,T>G,non-coding,,,,,,125,
37.5,D8,NC_000913:1122760,C>A,coding,-,GGC>TGC,G>C,yceB,nonsyn,167,
37.5,D8,NC_000913:2914816,G>A,coding,-,GCC>GTC,A>V,rlmD,nonsyn,167,
37.5,D8,NC_000913:3944115,A>G,non-coding,,,,,,167,
37.5,D8,NC_000913:4244007,C>T,coding,-,GTG>ATG,V>M,malF,nonsyn,167,
37.5,D9,NC_000913:1922698,T>A,coding,-,CAG>CTG,Q>L,pphA,nonsyn,208,
37.5,D9,NC_000913:2016296,G>A,coding,+,CTG>CTA,L>L,fliH,syn,208,
37.5,D10,NC_000913:756333,C>A,coding,+,CAC>AAC,H>N,sdhA,nonsyn,125,
37.5,D10,NC_000913:1148828,A>G,coding,+,AAA>GAA,K>E,fabH,nonsyn,125,
37.5,D10,NC_000913:1498563,T>C,non-coding,,,,,,125,
37.5,D10,NC_000913:1726701,A>T,coding,+,ATC>TTC,I>F,nemA,nonsyn,125,
37.5,D10,NC_000913:1751912,A>T,coding,-,ATC>AAC,I>N,ydhV,nonsyn,125,
37.5,D10,NC_000913:3077145,T>A,coding,-,TCA>TCT,S>S,yggP,syn,125,
37.5,D10,NC_000913:3150664,T>C,non-coding,,,,,,125,
37.5,D11,NC_000913:682868,C>T,coding,-,GGC>AGC,G>S,hscC,nonsyn,125,
37.5,D11,NC_000913:2499728,G>A,coding,+,CGT>CAT,R>H,ypdA,nonsyn,125,
37.5,D11,NC_000913:4440251,A>C,coding,-,ATC>AGC,I>S,ytfL,nonsyn,125,
37.5,D12,NC_000913:1650894,A>C,non-coding,,,,,,125,
37.5,D12,NC_000913:3106587,A>G,coding,+,ATC>GTC,I>V,nupG,nonsyn,125,
37.5,D12,NC_000913:3429788,T>C,coding,+,TGA>CGA,*>R,yrdA,nonsyn,125,
37.5,D12,NC_000913:4094599,G>T,non-coding,,,,,,125,
37.5,D13,NC_000913:135798,T>A,coding,-,ATC>TTC,I>F,speE,nonsyn,125,
37.5,D13,NC_000913:321205,T>C,non-coding,,,,,,125,
37.5,D13,NC_000913:737612,C>A,non-coding,,,,,,125,
37.5,D13,NC_000913:2151268,A>G,coding,+,GGA>GGG,G>G,yegJ,syn,125,
37.5,D13,NC_000913:3006026,C>A,non-coding,,,,,,125,
37.5,D13,NC_000913:3349798,G>C,coding,-,AGC>AGG,S>R,mtgA,nonsyn,125,
37.5,D14,NC_000913:219902,G>A,coding,-,CCC>TCC,P>S,rcsF,nonsyn,125,
37.5,D14,NC_000913:1834312,G>A,coding,+,CGT>CAT,R>H,ydjY,nonsyn,125,
37.5,D15,NC_000913:780506,G>T,non-coding,,,,,,167,
37.5,D15,NC_000913:1207087,A>C,coding,+,ATA>CTA,I>L,ymfQ,nonsyn,167,
37.5,D15,NC_000913:3942016,T>C,non-coding,,,,,,167,
37.5,D16,NC_000913:1948217,C>T,coding,-,CGG>CAG,R>Q,nudB,nonsyn,125,
37.5,D16,NC_000913:2567474,C>T,coding,-,GGG>AGG,G>R,eutH,nonsyn,125,
37.5,D16,NC_000913:2845780,T>G,coding,-,AAC>ACC,N>T,hycE,nonsyn,125,
37.5,D16,NC_000913:3371493,A>C,coding,-,ATT>AGT,I>S,nanT,nonsyn,125,
37.5,D17,NC_000913:2063458,T>C,coding,-,AAC>AGC,N>S,cobT,nonsyn,125,
37.5,D17,NC_000913:2425921,C>T,non-coding,,,,,,125,
37.5,D17,NC_000913:3577646,T>C,non-coding,,,,,,125,
37.5,D17,NC_000913:4307710,T>G,coding,-,CTA>CTC,L>L,alsK,syn,125,
37.5,D18,NC_000913:1995506,C>A,non-coding,,,,,,125,
37.5,D18,NC_000913:2640501,A>C,coding,-,ATT>ATG,I>M,hisS,nonsyn,125,
37.5,D18,NC_000913:2774080,G>A,coding,+,GTC>ATC,V>I,yfjW,nonsyn,125,
37.5,D18,NC_000913:2797180,T>C,non-coding,,,,,,125,
37.5,D31,NC_000913:4078730,A>G,non-coding,,,,,,167,
37.5,D32,NC_000913:884801,A>T,coding,+,AAC>TAC,N>Y,mdfA,nonsyn,208,
37.5,D32,NC_000913:2703448,A>C,coding,-,TCA>GCA,S>A,rnc,nonsyn,208,
37.5,D32,NC_000913:3412278,T>C,coding,+,CTC>CCC,L>P,yhdJ,nonsyn,208,
37.5,D33,NC_000913:2095715,G>C,coding,+,GTG>GTC,V>V,hisA,syn,125,
37.5,D33,NC_000913:2721880,G>A,coding,+,AGT>AAT,S>N,pka,nonsyn,125,
37.5,D34,NC_000913:1019973,G>A,coding,-,ACC>ACT,T>T,ompA,syn,125,
37.5,D35,NC_000913:705248,T>G,coding,+,GGT>GGG,G>G,nagE,syn,125,
37.5,D35,NC_000913:2611359,T>G,coding,+,GAT>GAG,D>E,hyfI,nonsyn,125,
37.5,D35,NC_000913:3265234,T>G,coding,-,GAA>GAC,E>D,tdcB,nonsyn,125,
37.5,D35,NC_000913:3605562,C>A,coding,-,GTC>TTC,V>F,yhhM,nonsyn,125,
37.5,D36,NC_000913:1487806,A>G,coding,+,GAC>GGC,D>G,ydcF,nonsyn,125,
37.5,D36,NC_000913:1794862,T>C,coding,-,GCA>GCG,A>A,btuC,syn,125,
37.5,D36,NC_000913:2634921,T>A,coding,+,ATT>ATA,I>I,xseA,syn,125,
37.5,D36,NC_000913:2946782,G>A,coding,-,CAG>TAG,Q>*,mltA,nonsyn,125,
37.5,D36,NC_000913:4174965,G>T,coding,-,GCA>GAA,A>E,coaA,nonsyn,125,
37.5,D36,NC_000913:4486138,A>G,non-coding,,,,,,125,
37.5,D37,NC_000913:504380,A>C,coding,-,CTG>CGG,L>R,fsr,nonsyn,125,
37.5,D37,NC_000913:1481555,T>C,coding,+,GTC>GCC,V>A,ynbD,nonsyn,125,
37.5,D37,NC_000913:2563485,T>C,non-coding,,,,,,125,
37.5,D37,NC_000913:3623645,C>A,coding,+,CCA>ACA,P>T,yhhH,nonsyn,125,
37.5,D37,NC_000913:4634326,G>T,coding,+,TGT>TTT,C>F,ytjC,nonsyn,125,
37.5,D39,NC_000913:1135703,C>G,coding,+,GCC>GGC,A>G,flgH,nonsyn,125,
37.5,D39,NC_000913:1809553,C>T,coding,+,GTC>GTT,V>V,yniC,syn,125,
37.5,D39,NC_000913:2012311,A>G,non-coding,,,,,,125,
37.5,D39,NC_000913:2724632,A>C,coding,-,TTA>TGA,L>*,kgtP,nonsyn,125,
37.5,D39,NC_000913:3354157,T>C,non-coding,,,,,,125,
37.5,D39,NC_000913:4527285,T>G,coding,-,ATC>CTC,I>L,sgcE,nonsyn,125,
37.5,D40,NC_000913:1076316,G>A,coding,-,TCA>TTA,S>L,putA,nonsyn,125,
37.5,D40,NC_000913:3959035,G>T,coding,+,GAT>TAT,D>Y,ilvC,nonsyn,125,
37.5,D41,NC_000913:2992205,G>T,coding,+,GGT>TGT,G>C,ygeH,nonsyn,125,
37.5,D41,NC_000913:4532949,C>T,coding,-,GCG>ACG,A>T,yjhP,nonsyn,125,
37.5,D42,NC_000913:2093344,A>G,coding,+,GAT>GGT,D>G,hisC,nonsyn,167,
37.5,D42,NC_000913:2560127,G>A,non-coding,,,,,,167,
37.5,D42,NC_000913:2640304,G>C,coding,-,GCC>GGC,A>G,hisS,nonsyn,167,
37.5,D44,NC_000913:2846952,G>T,coding,-,TCC>TAC,S>Y,hycD,nonsyn,208,
37.5,D44,NC_000913:3592741,C>A,coding,-,GCG>TCG,A>S,livF,nonsyn,208,
37.5,D45,NC_000913:723296,C>T,coding,-,GCG>GCA,A>A,kdpD,syn,125,
37.5,D45,NC_000913:2629352,A>T,coding,+,GTA>GTT,V>V,yfgG,syn,125,
37.5,D45,NC_000913:3015502,T>C,coding,+,TCG>CCG,S>P,mocA,nonsyn,125,
37.5,D45,NC_000913:4392564,T>C,non-coding,,,,,,125,
37.5,D45,NC_000913:4392567,G>A,non-coding,,,,,,125,
37.5,D46,NC_000913:1168775,C>T,coding,-,GAC>AAC,D>N,ycfQ,nonsyn,125,
37.5,D46,NC_000913:1647165,A>G,non-coding,,,,,,125,
37.5,D46,NC_000913:1701993,A>G,coding,+,GAA>GGA,E>G,malY,nonsyn,125,
37.5,D47,NC_000913:1433701,T>G,non-coding,,,,,,125,
37.5,D47,NC_000913:1632837,A>G,non-coding,,,,,,125,
37.5,D47,NC_000913:2741438,A>G,coding,+,ACC>GCC,T>A,yfiL,nonsyn,125,
37.5,D47,NC_000913:4342729,A>G,coding,+,ACA>ACG,T>T,melA,syn,125,
37.5,D48,NC_000913:943091,C>T,coding,+,GGC>GGT,G>G,dmsA,syn,125,
37.5,D48,NC_000913:2631922,T>G,coding,-,GAA>GCA,E>A,guaA,nonsyn,125,
37.5,D48,NC_000913:4141224,T>C,coding,-,GAC>GGC,D>G,frwA,nonsyn,125,
37.5,XD2,NC_000913:222750,A>G,non-coding,,,,,,125,
37.5,XD2,NC_000913:1265264,G>A,coding,+,GCT>ACT,A>T,prfA,nonsyn,125,
37.5,XD3,NC_000913:1520355,G>A,coding,+,GGC>AGC,G>S,mcbR,nonsyn,125,
37.5,XD3,NC_000913:3240289,G>A,coding,+,GCG>ACG,A>T,sstT,nonsyn,125,
37.5,XD4,NC_000913:3281832,T>G,non-coding,,,,,,125,
37.5,XD6,NC_000913:1423998,T>G,coding,+,TTT>GTT,F>V,trkG,nonsyn,250,
37.5,XD6,NC_000913:3426821,A>C,non-coding,,,,,,250,
37.5,XD6,NC_000913:4400694,G>A,coding,+,GGT>GAT,G>D,hflX,nonsyn,250,
37.5,XD9,NC_000913:539519,G>T,coding,+,GGC>TGC,G>C,allB,nonsyn,125,
37.5,XD9,NC_000913:2355099,G>A,coding,+,GTG>ATG,V>M,glpB,nonsyn,125,
37.5,XD11,NC_000913:4062315,A>C,coding,+,TTA>TTC,L>F,yihN,nonsyn,125,
37.5,XD11,NC_000913:4503962,T>A,non-coding,,,,,,125,
37.5,XD12,NC_000913:1057916,A>C,coding,-,GTT>GTG,V>V,torR,syn,167,
37.5,XD12,NC_000913:2168276,T>C,coding,-,AGT>GGT,S>G,yegR,nonsyn,167,
50,E1,NC_000913:1396097,A>G,coding,+,AGA>GGA,R>G,insH1,nonsyn,250,
50,E1,NC_000913:3938327,C>G,coding,+,GCC>GGC,A>G,rbsR,nonsyn,250,
50,E1,NC_000913:4209665,A>G,non-coding,,,,,,250,
50,E2,NC_000913:2334528,G>A,coding,-,GGC>GGT,G>G,yfaT,syn,125,
50,E2,NC_000913:2922651,G>A,coding,-,CAG>TAG,Q>*,yqcA,nonsyn,125,
50,E2,NC_000913:3172920,G>A,coding,+,GCC>ACC,A>T,mdaB,nonsyn,125,
50,E3,NC_000913:1065575,G>A,non-coding,,,,,,125,
50,E3,NC_000913:2091854,C>T,coding,+,GCT>GTT,A>V,hisD,nonsyn,125,
50,E3,NC_000913:3597711,T>C,non-coding,,,,,,125,
50,E3,NC_000913:3631382,A>T,coding,-,GAT>GAA,D>E,yhiJ,nonsyn,125,
50,E3,NC_000913:3711873,T>G,coding,-,GTA>GTC,V>V,yhjX,syn,125,
50,E4,NC_000913:692620,C>T,coding,-,AAG>AAA,K>K,ybeZ,syn,125,
50,E4,NC_000913:2552222,A>G,non-coding,,,,,,125,
50,E4,NC_000913:2793618,G>C,coding,+,GGC>GCC,G>A,gabT,nonsyn,125,
50,E4,NC_000913:3036733,G>A,coding,-,GAC>GAT,D>D,recJ,syn,125,
50,E5,NC_000913:324886,T>G,coding,-,TAC>TCC,Y>S,ykgH,nonsyn,125,
50,E5,NC_000913:1415149,A>G,coding,-,CGT>CGC,R>R,recE,syn,125,
50,E5,NC_000913:1921909,T>A,coding,+,TGG>AGG,W>R,yebV,nonsyn,125,
50,E5,NC_000913:2133868,A>T,coding,-,GCT>GCA,A>A,wzc,syn,125,
50,E6,NC_000913:1440992,G>A,non-coding,,,,,,167,
50,E6,NC_000913:3625122,G>T,coding,+,GAT>TAT,D>Y,yhhI,nonsyn,167,
50,E6,NC_000913:4556514,A>G,non-coding,,,,,,167,
50,E7,NC_000913:1325256,T>C,coding,+,TTC>CTC,F>L,yciQ,nonsyn,500,
50,E7,NC_000913:3878722,T>G,coding,-,GAA>GAC,E>D,gyrB,nonsyn,500,
50,E8,NC_000913:3690503,G>C,coding,-,GCC>GGC,A>G,bcsB,nonsyn,125,
50,E9,NC_000913:1112334,G>A,coding,+,TGC>TAC,C>Y,opgH,nonsyn,250,
50,E9,NC_000913:3485655,A>T,coding,-,ATC>AAC,I>N,yhfA,nonsyn,250,
50,E9,NC_000913:3919290,C>T,coding,-,GGT>AGT,G>S,atpA,nonsyn,250,
50,E10,NC_000913:1516061,G>C,coding,+,GCG>CCG,A>P,patD,nonsyn,250,
50,E10,NC_000913:2690671,G>C,coding,-,GCC>GGC,A>G,glrK,nonsyn,250,
50,E10,NC_000913:3919627,A>C,coding,-,GGT>GGG,G>G,atpA,syn,250,
50,E11,NC_000913:1016091,T>G,coding,-,TAC>TCC,Y>S,fabA,nonsyn,167,
50,E11,NC_000913:2560183,C>T,non-coding,,,,,,167,
50,E11,NC_000913:2846635,C>A,coding,-,GCC>TCC,A>S,hycD,nonsyn,167,
50,E11,NC_000913:3772123,G>A,non-coding,,,,,,167,
50,E11,NC_000913:4035813,T>A,non-coding,,,,,,167,
50,E12,NC_000913:732569,C>G,coding,+,CCG>CGG,P>R,rhsC,nonsyn,125,
50,E12,NC_000913:1811454,A>C,coding,+,AAC>ACC,N>T,ydjN,nonsyn,125,
50,E12,NC_000913:2489144,G>A,coding,-,CCG>TCG,P>S,yfdE,nonsyn,125,
50,E12,NC_000913:2989638,A>T,coding,+,GAT>GTT,D>V,yqeJ,nonsyn,125,
50,E12,NC_000913:3381992,T>C,coding,+,GTC>GCC,V>A,degQ,nonsyn,125,
50,E13,NC_000913:102072,T>A,coding,+,GAT>GAA,D>E,murC,nonsyn,125,
50,E13,NC_000913:1632837,A>G,non-coding,,,,,,125,
50,E13,NC_000913:2874997,A>G,coding,-,CGT>CGC,R>R,cysN,syn,125,
50,E13,NC_000913:2933881,A>G,non-coding,,,,,,125,
50,E13,NC_000913:3248470,T>C,coding,+,CTA>CCA,L>P,mzrA,nonsyn,125,
50,E13,NC_000913:3278186,G>C,coding,-,CGC>CGG,R>R,agaR,syn,125,
50,E13,NC_000913:3632717,A>G,non-coding,,,,,,125,
50,E13,NC_000913:3693550,C>A,coding,-,GCC>TCC,A>S,bcsA,nonsyn,125,
50,E13,NC_000913:4325847,T>C,non-coding,,,,,,125,
50,E13,NC_000913:4325848,G>A,non-coding,,,,,,125,
50,E14,NC_000913:1506859,G>A,coding,+,GGT>AGT,G>S,ydcP,nonsyn,125,
50,E14,NC_000913:4239517,C>T,coding,+,GCC>GCT,A>A,yjbH,syn,125,
50,E15,NC_000913:1032111,G>A,non-coding,,,,,,500,
50,E15,NC_000913:1933393,G>A,coding,-,AGC>AGT,S>S,edd,syn,500,
50,E15,NC_000913:2339161,T>C,coding,-,GAC>GGC,D>G,gyrA,nonsyn,500,
50,E15,NC_000913:4496411,G>A,non-coding,,,,,,500,
50,E16,NC_000913:661803,T>A,coding,-,GAT>GTT,D>V,lipB,nonsyn,125,
50,E16,NC_000913:1912629,T>C,non-coding,,,,,,125,
50,E16,NC_000913:3772854,G>A,coding,+,GCC>ACC,A>T,mtlA,nonsyn,125,
50,E16,NC_000913:3809221,T>A,coding,+,TGG>AGG,W>R,waaA,nonsyn,125,
50,E16,NC_000913:4526837,G>T,coding,-,CAA>AAA,Q>K,sgcR,nonsyn,125,
50,E16,NC_000913:4565136,G>A,coding,-,CGT>TGT,R>C,yjiM,nonsyn,125,
50,E17,NC_000913:92471,C>T,coding,+,ACC>ACT,T>T,ftsI,syn,125,
50,E17,NC_000913:667283,T>A,coding,-,GAT>GTT,D>V,mrdA,nonsyn,125,
50,E17,NC_000913:3446743,G>A,coding,-,CTG>TTG,L>L,rpsN,syn,125,
50,E17,NC_000913:3691360,G>C,coding,-,TAC>TAG,Y>*,bcsB,nonsyn,125,
50,E18,NC_000913:6155,T>C,coding,-,GAT>GGT,D>G,yaaA,nonsyn,125,
50,E18,NC_000913:3879830,A>G,coding,-,GTT>GCT,V>A,gyrB,nonsyn,125,
50,E18,NC_000913:4123133,T>G,coding,-,AAA>AAC,K>N,ftsN,nonsyn,125,
50,E19,NC_000913:1417791,A>G,non-coding,,,,,,125,
50,E19,NC_000913:1458126,C>G,coding,+,CGC>CGG,R>R,paaF,syn,125,
50,E19,NC_000913:2455892,T>A,non-coding,,,,,,125,
50,E19,NC_000913:3535940,A>T,coding,-,GAT>GAA,D>E,ompR,nonsyn,125,
50,E19,NC_000913:4341253,C>A,coding,-,GCC>TCC,A>S,melR,nonsyn,125,
50,E20,NC_000913:696933,T>C,non-coding,,,,,,208,
50,E20,NC_000913:2562053,C>A,non-coding,,,,,,208,
50,E20,NC_000913:2818145,T>C,non-coding,,,,,,208,
50,E20,NC_000913:2818149,T>C,non-coding,,,,,,208,
50,E20,NC_000913:4325888,G>T,non-coding,,,,,,208,
50,E21,NC_000913:1307915,T>G,coding,-,GAT>GCT,D>A,clsA,nonsyn,125,
50,E21,NC_000913:1575766,C>T,coding,-,CAG>CAA,Q>Q,yddB,syn,125,
50,E21,NC_000913:3124257,T>C,coding,-,GAA>GAG,E>E,glcF,syn,125,
50,E22,NC_000913:4395258,C>G,coding,+,GCC>GGC,A>G,nnr,nonsyn,250,
50,E23,NC_000913:1586808,T>G,non-coding,,,,,,250,
50,E23,NC_000913:2071497,G>T,non-coding,,,,,,250,
50,E23,NC_000913:2276404,C>A,coding,+,GGC>GGA,G>G,yejF,syn,250,
50,E23,NC_000913:2428974,T>C,coding,-,GAA>GGA,E>G,purF,nonsyn,250,
50,E23,NC_000913:4398918,G>A,coding,+,GCG>ACG,A>T,mutL,nonsyn,250,
50,E24,NC_000913:1243254,G>T,coding,+,CCG>CCT,P>P,emtA,syn,125,
50,E24,NC_000913:1616418,T>G,coding,+,GTT>GGT,V>G,yneK,nonsyn,125,
50,E24,NC_000913:2318816,T>C,coding,-,GAA>GGA,E>G,rcsC,nonsyn,125,
50,E24,NC_000913:2786417,A>G,non-coding,,,,,,125,
50,E24,NC_000913:3140928,A>G,coding,-,ATC>ACC,I>T,hybD,nonsyn,125,
50,E24,NC_000913:3793357,G>T,coding,-,AAC>AAA,N>K,yibB,nonsyn,125,
50,E24,NC_000913:4283034,G>A,coding,-,TGC>TGT,C>C,yjcF,syn,125,
50,E25,NC_000913:1306090,T>A,coding,+,GAT>GAA,D>E,oppF,nonsyn,125,
50,E25,NC_000913:1746523,T>C,non-coding,,,,,,125,
50,E25,NC_000913:2554618,C>G,coding,-,GCG>CCG,A>P,eutR,nonsyn,125,
50,E25,NC_000913:3415755,A>G,coding,+,AAA>AAG,K>K,acrF,syn,125,
50,E26,NC_000913:237922,G>A,coding,+,CTG>CTA,L>L,yafT,syn,125,
50,E26,NC_000913:494020,T>C,coding,+,ATT>ATC,I>I,dnaX,syn,125,
50,E26,NC_000913:1475731,G>A,coding,+,ATG>ATA,M>I,ydbD,nonsyn,125,
50,E26,NC_000913:3995815,A>C,coding,+,CAG>CCG,Q>P,ynon-codingA,nonsyn,125,
50,E29,NC_000913:697132,C>A,non-coding,,,,,,125,
50,E29,NC_000913:3774701,A>G,coding,+,GAA>GGA,E>G,mtlD,nonsyn,125,
50,E29,NC_000913:4175937,A>G,non-coding,,,,,,125,
50,E30,NC_000913:142908,A>G,coding,+,AAA>GAA,K>E,yadG,nonsyn,167,
50,E30,NC_000913:147740,A>C,coding,+,CAG>CCG,Q>P,yadD,nonsyn,167,
50,E30,NC_000913:3116456,A>C,coding,-,GTT>GGT,V>G,yghJ,nonsyn,167,
50,E30,NC_000913:4470835,T>G,coding,-,ATC>CTC,I>L,ridA,nonsyn,167,
50,E30,NC_000913:4489177,C>G,coding,-,GGC>GCC,G>A,yjgR,nonsyn,167,
50,E31,NC_000913:2274474,T>C,coding,+,ATC>ACC,I>T,yejB,nonsyn,125,
50,E32,NC_000913:699332,A>G,non-coding,,,,,,125,
50,E32,NC_000913:2436474,G>A,coding,-,GCC>GTC,A>V,usg,nonsyn,125,
50,E32,NC_000913:4197696,C>T,non-coding,,,,,,125,
50,E33,NC_000913:150613,C>T,coding,-,GGA>GAA,G>E,yadC,nonsyn,63,
50,E34,NC_000913:1323119,T>C,non-coding,,,,,,125,
50,E34,NC_000913:1605711,G>A,coding,+,GAT>AAT,D>N,lsrB,nonsyn,125,
50,E35,NC_000913:568681,G>A,non-coding,,,,,,125,
50,E35,NC_000913:664378,A>C,coding,-,CCT>CCG,P>P,rlpA,syn,125,
50,E35,NC_000913:3354789,G>C,coding,+,GGC>GCC,G>A,gltB,nonsyn,125,
50,E36,NC_000913:2734284,A>G,non-coding,,,,,,250,
50,E36,NC_000913:3156375,A>G,coding,+,ACC>GCC,T>A,yqhD,nonsyn,250,
50,E37,NC_000913:805095,T>G,coding,+,GGT>GGG,G>G,ybhJ,syn,125,
50,E37,NC_000913:1739822,A>C,non-coding,,,,,,125,
50,E37,NC_000913:2407734,G>A,coding,+,GTG>GTA,V>V,alaA,syn,125,
50,E37,NC_000913:4401680,C>A,coding,+,CCG>ACG,P>T,hflX,nonsyn,125,
50,E38,NC_000913:52468,C>G,coding,-,GCG>CCG,A>P,pdxA,nonsyn,125,
50,E38,NC_000913:2563474,A>C,non-coding,,,,,,125,
50,E38,NC_000913:3911232,C>A,coding,-,CCG>CCT,P>P,pstS,syn,125,
50,E39,NC_000913:912749,C>G,coding,-,GCG>CCG,A>P,hcp,nonsyn,125,
50,E39,NC_000913:1511688,C>T,coding,+,GCG>GTG,A>V,ydcS,nonsyn,125,
50,E39,NC_000913:3172770,T>C,coding,+,TAC>CAC,Y>H,mdaB,nonsyn,125,
50,E39,NC_000913:3298853,T>G,non-coding,,,,,,125,
50,E39,NC_000913:4570005,A>G,non-coding,,,,,,125,
50,E40,NC_000913:472820,G>T,coding,+,GAT>TAT,D>Y,glnK,nonsyn,125,
50,E40,NC_000913:532357,A>G,non-coding,,,,,,125,
50,E40,NC_000913:1992657,C>A,coding,-,CGC>CTC,R>L,pgsA,nonsyn,125,
50,E40,NC_000913:3126234,T>A,coding,-,ACC>TCC,T>S,glcE,nonsyn,125,
50,E40,NC_000913:3221164,G>A,coding,-,GCC>GCT,A>A,ygjH,syn,125,
50,E41,NC_000913:29274,A>G,non-coding,,,,,,125,
50,E41,NC_000913:225442,C>T,non-coding,,,,,,125,
50,E41,NC_000913:1577693,C>T,coding,-,CTG>CTA,L>L,yddA,syn,125,
50,E41,NC_000913:1870532,A>G,coding,+,ACA>GCA,T>A,yeaI,nonsyn,125,
50,E41,NC_000913:2270659,T>G,non-coding,,,,,,125,
50,E41,NC_000913:2655086,A>G,coding,-,TTA>CTA,L>L,pepB,syn,125,
50,E41,NC_000913:3626286,G>A,coding,-,CCC>CTC,P>L,yhhJ,nonsyn,125,
50,E42,NC_000913:3535435,A>T,coding,-,GTA>GAA,V>E,envZ,nonsyn,125,
50,E43,NC_000913:740986,A>G,non-coding,,,,,,167,
50,E43,NC_000913:1505069,G>T,coding,-,CAG>AAG,Q>K,ydcO,nonsyn,167,
50,E43,NC_000913:1546067,T>C,non-coding,,,,,,167,
50,E43,NC_000913:2106616,A>G,coding,-,TTC>TCC,F>S,wbbH,nonsyn,167,
50,E43,NC_000913:2540397,C>T,coding,-,GGC>AGC,G>S,cysA,nonsyn,167,
50,E44,NC_000913:302921,C>A,non-coding,,,,,,125,
50,E44,NC_000913:538361,G>A,coding,+,CCG>CCA,P>P,ybbW,syn,125,
50,E44,NC_000913:1429515,G>A,coding,+,AGC>AAC,S>N,stfR,nonsyn,125,
50,E44,NC_000913:2058101,G>A,non-coding,,,,,,125,
50,E45,NC_000913:670604,T>G,coding,-,AAA>AAC,K>N,holA,nonsyn,125,
50,E45,NC_000913:781504,A>T,non-coding,,,,,,125,
50,E45,NC_000913:2280436,A>C,coding,-,GCT>GCG,A>A,rsuA,syn,125,
50,E45,NC_000913:2731550,T>C,non-coding,,,,,,125,
50,E45,NC_000913:4435778,G>A,coding,-,CCA>CTA,P>L,cpdB,nonsyn,125,
50,E46,NC_000913:157081,T>C,non-coding,,,,,,417,
50,E46,NC_000913:1020956,A>G,non-coding,,,,,,417,
50,E46,NC_000913:1422146,T>A,coding,+,GTG>GAG,V>E,ydaV,nonsyn,417,
50,E46,NC_000913:3390993,G>C,coding,-,CCG>GCG,P>A,tldD,nonsyn,417,
50,E47,NC_000913:626941,T>A,coding,+,ATC>AAC,I>N,entE,nonsyn,125,
50,E47,NC_000913:863545,A>G,non-coding,,,,,,125,
50,E47,NC_000913:2542485,G>A,coding,-,CTG>TTG,L>L,cysU,syn,125,
50,E47,NC_000913:3449907,A>T,coding,-,GAT>GAA,D>E,rplV,nonsyn,125,
50,E47,NC_000913:3880116,A>G,coding,-,TCG>CCG,S>P,gyrB,nonsyn,125,
50,E47,NC_000913:3910379,G>A,coding,-,GCT>GTT,A>V,pstC,nonsyn,125,
50,E48,NC_000913:1030519,C>A,coding,-,GTG>GTT,V>V,tusE,syn,250,
62.5,F1,NC_000913:156341,A>G,coding,-,GGT>GGC,G>G,yadN,syn,417,
62.5,F1,NC_000913:278325,A>G,coding,-,TTT>CTT,F>L,afuC,nonsyn,417,
62.5,F1,NC_000913:479390,C>T,coding,-,GCC>ACC,A>T,maa,nonsyn,417,
62.5,F1,NC_000913:735072,C>A,non-coding,,,,,,417,
62.5,F1,NC_000913:952391,G>A,coding,-,GCC>GCT,A>A,pflB,syn,417,
62.5,F1,NC_000913:1889815,T>C,non-coding,,,,,,417,
62.5,F2,NC_000913:269034,G>T,non-coding,,,,,,125,
62.5,F2,NC_000913:1289211,T>G,non-coding,,,,,,125,
62.5,F2,NC_000913:1465273,A>G,non-coding,,,,,,125,
62.5,F2,NC_000913:2822526,T>C,coding,-,GCA>GCG,A>A,recX,syn,125,
62.5,F2,NC_000913:3276492,G>A,coding,+,CGC>CAC,R>H,garD,nonsyn,125,
62.5,F2,NC_000913:3991733,C>G,coding,+,GCC>GGC,A>G,cyaA,nonsyn,125,
62.5,F3,NC_000913:45722,C>A,coding,+,ACC>AAC,T>N,fixX,nonsyn,208,
62.5,F3,NC_000913:781656,T>C,non-coding,,,,,,208,
62.5,F3,NC_000913:991988,C>T,coding,+,CCG>CTG,P>L,pepN,nonsyn,208,
62.5,F5,NC_000913:1116548,A>C,coding,-,CTT>CGT,L>R,lpxL,nonsyn,250,
62.5,F5,NC_000913:2996003,C>T,non-coding,,,,,,250,
62.5,F5,NC_000913:4153675,G>T,non-coding,,,,,,250,
62.5,F5,NC_000913:4622354,G>T,coding,+,GAA>TAA,E>*,yjjJ,nonsyn,250,
62.5,F6,NC_000913:1020956,A>G,non-coding,,,,,,250,
62.5,F6,NC_000913:1048915,T>G,coding,-,ACC>CCC,T>P,gfcB,nonsyn,250,
62.5,F6,NC_000913:2109532,A>G,coding,-,GTT>GCT,V>A,wzxB,nonsyn,250,
62.5,F6,NC_000913:2433198,A>T,coding,-,CCT>CCA,P>P,accD,syn,250,
62.5,F6,NC_000913:3315456,C>T,coding,-,GCT>ACT,A>T,infB,nonsyn,250,
62.5,F6,NC_000913:4179443,C>T,coding,+,CTG>TTG,L>L,rplA,syn,250,
62.5,F7,NC_000913:607404,T>C,non-coding,,,,,,125,
62.5,F7,NC_000913:950590,A>C,coding,-,GTG>GGG,V>G,pflA,nonsyn,125,
62.5,F7,NC_000913:1808917,G>A,coding,-,GCC>GTC,A>V,yniB,nonsyn,125,
62.5,F7,NC_000913:2026563,C>T,coding,-,CTG>CTA,L>L,yedQ,syn,125,
62.5,F7,NC_000913:2831586,G>C,coding,-,GCG>GGG,A>G,norR,nonsyn,125,
62.5,F7,NC_000913:3407476,C>T,coding,+,GGC>GGT,G>G,yhdT,syn,125,
62.5,F8,NC_000913:624859,G>T,non-coding,,,,,,125,
62.5,F8,NC_000913:872120,A>G,coding,+,GGA>GGG,G>G,gsiD,syn,125,
62.5,F8,NC_000913:1408194,C>T,coding,+,CAC>TAC,H>Y,ydaN,nonsyn,125,
62.5,F8,NC_000913:1572229,G>T,non-coding,,,,,,125,
62.5,F8,NC_000913:1967660,G>A,coding,-,ACC>ATC,T>I,cheB,nonsyn,125,
62.5,F8,NC_000913:2009030,A>T,coding,+,ACC>TCC,T>S,yedE,nonsyn,125,
62.5,F8,NC_000913:2986035,C>T,coding,+,CTC>CTT,L>L,yqeG,syn,125,
62.5,F8,NC_000913:3348585,G>T,coding,+,CGT>CTT,R>L,yrbL,nonsyn,125,
62.5,F8,NC_000913:4205114,C>A,coding,-,GGC>GTC,G>V,purD,nonsyn,125,
62.5,F9,NC_000913:1234056,T>A,coding,-,GAA>GTA,E>V,nhaB,nonsyn,125,
62.5,F9,NC_000913:1467821,A>G,non-coding,,,,,,125,
62.5,F9,NC_000913:2563399,A>G,non-coding,,,,,,125,
62.5,F9,NC_000913:4077284,C>G,coding,+,CGC>CGG,R>R,dtd,syn,125,
62.5,F10,NC_000913:1147333,A>T,non-coding,,,,,,250,
62.5,F10,NC_000913:3442125,A>T,coding,-,ATC>AAC,I>N,rpsM,nonsyn,250,
62.5,F10,NC_000913:4162468,T>G,coding,-,GAA>GCA,E>A,trmA,nonsyn,250,
62.5,F10,NC_000913:4596974,A>C,coding,+,AAC>CAC,N>H,yjjN,nonsyn,250,
62.5,F11,NC_000913:1596981,G>A,non-coding,,,,,,125,
62.5,F12,NC_000913:375642,G>T,coding,+,GGT>TGT,G>C,mhpT,nonsyn,167,
62.5,F12,NC_000913:873896,T>C,coding,+,ACT>ACC,T>T,yliE,syn,167,
62.5,F12,NC_000913:1383216,A>C,coding,-,TTT>TGT,F>C,ycjW,nonsyn,167,
62.5,F12,NC_000913:1707623,T>C,coding,+,TCT>TCC,S>S,rsxC,syn,167,
62.5,F12,NC_000913:3263511,T>A,coding,-,GGA>GGT,G>G,tdcD,syn,167,
62.5,F12,NC_000913:3356926,C>A,coding,+,GTC>GTA,V>V,gltB,syn,167,
62.5,F12,NC_000913:3576155,C>T,coding,-,GCG>ACG,A>T,gntU,nonsyn,167,
62.5,F13,NC_000913:1582762,A>T,non-coding,,,,,,125,
62.5,F13,NC_000913:2305416,C>A,coding,-,GGA>TGA,G>*,mqo,nonsyn,125,
62.5,F13,NC_000913:3000870,A>C,coding,+,ACC>CCC,T>P,xdhA,nonsyn,125,
62.5,F13,NC_000913:3093043,G>A,coding,+,GGG>GAG,G>E,yqgE,nonsyn,125,
62.5,F13,NC_000913:3893859,A>C,non-coding,,,,,,125,
62.5,F13,NC_000913:4195643,C>T,coding,-,GCC>ACC,A>T,thiC,nonsyn,125,
62.5,F14,NC_000913:2758540,T>C,coding,-,ACA>GCA,T>A,yfjH,nonsyn,250,
62.5,F14,NC_000913:3752988,A>T,coding,-,GTG>GAG,V>E,yiaV,nonsyn,250,
62.5,F14,NC_000913:4259615,A>G,coding,-,TTT>TCT,F>S,zur,nonsyn,250,
62.5,F15,NC_000913:122489,C>G,coding,+,GCC>GGC,A>G,pdhR,nonsyn,167,
62.5,F15,NC_000913:1020939,A>G,non-coding,,,,,,167,
62.5,F15,NC_000913:1397239,C>A,non-coding,,,,,,167,
62.5,F15,NC_000913:1403484,A>C,coding,-,GTC>GGC,V>G,abgA,nonsyn,167,
62.5,F15,NC_000913:2112713,C>G,coding,-,GCT>CCT,A>P,rfbB,nonsyn,167,
62.5,F15,NC_000913:4578997,G>T,coding,-,CCT>CAT,P>H,mcrB,nonsyn,167,
62.5,F18,NC_000913:1005828,C>A,non-coding,,,,,,167,
62.5,F18,NC_000913:2521481,A>T,non-coding,,,,,,167,
62.5,F19,NC_000913:4016003,A>G,coding,-,CTG>CCG,L>P,ysgA,nonsyn,167,
62.5,F20,NC_000913:229849,T>G,coding,+,CTG>CGG,L>R,dkgB,nonsyn,208,
62.5,F21,NC_000913:299004,A>T,coding,-,GTG>GAG,V>E,paoC,nonsyn,125,
62.5,F21,NC_000913:919577,C>T,coding,+,CGG>TGG,R>W,macA,nonsyn,125,
62.5,F21,NC_000913:1031483,A>T,non-coding,,,,,,125,
62.5,F21,NC_000913:1619534,C>A,coding,+,CTT>ATT,L>I,marR,nonsyn,125,
62.5,F21,NC_000913:1741496,T>C,coding,+,GGT>GGC,G>G,cfa,syn,125,
62.5,F21,NC_000913:2439933,G>A,coding,-,GCT>GTT,A>V,yfcJ,nonsyn,125,
62.5,F21,NC_000913:4035787,G>A,non-coding,,,,,,125,
62.5,F21,NC_000913:4577441,A>G,coding,-,GTC>GCC,V>A,mcrC,nonsyn,125,
62.5,F22,NC_000913:586947,T>G,non-coding,,,,,,125,
62.5,F22,NC_000913:1393241,T>G,coding,+,GTT>GTG,V>V,mppA,syn,125,
62.5,F23,NC_000913:661447,G>T,non-coding,,,,,,250,
62.5,F23,NC_000913:789838,T>G,coding,-,ATT>CTT,I>L,galK,nonsyn,250,
62.5,F23,NC_000913:2336960,C>T,coding,-,GGC>AGC,G>S,gyrA,nonsyn,250,
62.5,F24,NC_000913:2783840,T>C,non-coding,,,,,,167,
62.5,F24,NC_000913:3535171,T>C,coding,-,GAC>GGC,D>G,envZ,nonsyn,167,
62.5,F24,NC_000913:3982300,A>G,non-coding,,,,,,167,
62.5,F24,NC_000913:4192818,T>C,coding,-,GAT>GGT,D>G,thiS,nonsyn,167,
62.5,F25,NC_000913:113272,C>T,non-coding,,,,,,167,
62.5,F25,NC_000913:1953705,G>A,coding,+,CCG>CCA,P>P,cmoB,syn,167,
62.5,F25,NC_000913:2282755,A>C,coding,+,CAC>CCC,H>P,rplY,nonsyn,167,
62.5,F25,NC_000913:3428425,T>C,non-coding,,,,,,167,
62.5,F25,NC_000913:4551769,T>A,coding,+,ATC>AAC,I>N,uxuA,nonsyn,167,
62.5,F26,NC_000913:1129083,T>C,coding,+,GGT>GGC,G>G,murJ,syn,250,
62.5,F26,NC_000913:3443731,C>T,coding,-,GGT>AGT,G>S,secY,nonsyn,250,
62.5,F26,NC_000913:4467439,T>G,coding,+,CCT>CCG,P>P,mgtL,syn,250,
62.5,F27,NC_000913:1292906,T>C,coding,-,AAA>AGA,K>R,hns,nonsyn,167,
62.5,F27,NC_000913:2818466,T>G,non-coding,,,,,,167,
62.5,F27,NC_000913:4241459,T>C,coding,-,ACC>GCC,T>A,xylE,nonsyn,167,
62.5,F27,NC_000913:4244890,G>A,coding,-,GCC>GCT,A>A,malF,syn,167,
62.5,F27,NC_000913:4606354,G>A,non-coding,,,,,,167,
62.5,F28,NC_000913:606114,G>A,coding,-,GCA>GTA,A>V,ybdJ,nonsyn,250,
62.5,F28,NC_000913:1018977,C>A,non-coding,,,,,,250,
62.5,F28,NC_000913:1760495,G>C,coding,-,GCC>GGC,A>G,sufS,nonsyn,250,
62.5,F28,NC_000913:2096770,T>A,coding,+,TTC>ATC,F>I,hisI,nonsyn,250,
62.5,F28,NC_000913:3879288,C>T,coding,-,GGC>AGC,G>S,gyrB,nonsyn,250,
62.5,F29,NC_000913:95062,A>G,coding,+,GAC>GGC,D>G,murF,nonsyn,250,
62.5,F29,NC_000913:2338424,T>C,coding,-,AAC>GAC,N>D,gyrA,nonsyn,250,
62.5,F30,NC_000913:1417918,C>G,coding,-,GGG>CGG,G>R,ydaE,nonsyn,208,
62.5,F30,NC_000913:4012996,G>T,non-coding,,,,,,208,
62.5,F30,NC_000913:4484703,C>G,coding,-,GCA>CCA,A>P,pepA,nonsyn,208,
62.5,F31,NC_000913:3173109,T>C,coding,+,TAA>CAA,*>Q,mdaB,nonsyn,125,
62.5,F31,NC_000913:3278823,T>C,non-coding,,,,,,125,
62.5,F33,NC_000913:682127,C>G,coding,-,GTG>CTG,V>L,hscC,nonsyn,250,
62.5,F33,NC_000913:911793,C>T,coding,-,GGC>AGC,G>S,hcr,nonsyn,250,
62.5,F33,NC_000913:1368374,A>T,coding,+,GAT>GTT,D>V,pspA,nonsyn,250,
62.5,F33,NC_000913:2987409,A>G,non-coding,,,,,,250,
62.5,F34,NC_000913:705710,T>G,coding,+,GGT>GGG,G>G,nagE,syn,500,
62.5,F34,NC_000913:872832,C>T,non-coding,,,,,,500,
62.5,F34,NC_000913:1121566,G>C,coding,-,CAA>GAA,Q>E,pyrC,nonsyn,500,
62.5,F34,NC_000913:2982699,G>C,coding,-,GCC>GGC,A>G,kduD,nonsyn,500,
62.5,F35,NC_000913:2947654,T>C,non-coding,,,,,,250,
62.5,F36,NC_000913:668566,C>T,coding,-,AAG>AAA,K>K,rlmH,syn,125,
62.5,F36,NC_000913:738766,T>G,coding,+,ATT>ATG,I>M,ybfD,nonsyn,125,
62.5,F36,NC_000913:2108934,A>G,coding,-,GGT>GGC,G>G,wzxB,syn,125,
62.5,F36,NC_000913:3616984,A>C,coding,+,GAC>GCC,D>A,nikC,nonsyn,125,
62.5,F36,NC_000913:3972110,T>G,coding,+,CTT>CGT,L>R,wecC,nonsyn,125,
62.5,F37,NC_000913:2826836,G>C,coding,+,GCG>CCG,A>P,srlE,nonsyn,125,
62.5,F37,NC_000913:3408444,G>C,coding,+,GTC>CTC,V>L,panF,nonsyn,125,
62.5,F38,NC_000913:524200,C>T,coding,+,CCA>TCA,P>S,rhsD,nonsyn,125,
62.5,F38,NC_000913:1870531,T>C,coding,+,GGT>GGC,G>G,yeaI,syn,125,
62.5,F38,NC_000913:2988060,T>C,coding,+,GTT>GTC,V>V,yqeH,syn,125,
62.5,F38,NC_000913:3460051,G>A,coding,+,GAA>AAA,E>K,gspF,nonsyn,125,
62.5,F38,NC_000913:4329129,C>A,coding,+,GTC>GTA,V>V,crfC,syn,125,
62.5,F38,NC_000913:4569350,T>C,non-coding,,,,,,125,
62.5,F39,NC_000913:3888180,T>G,coding,+,TGT>TGG,C>W,mnmE,nonsyn,208,
62.5,F40,NC_000913:931182,T>A,coding,-,GAT>GTT,D>V,trxB,nonsyn,250,
62.5,F40,NC_000913:1156086,G>T,coding,+,GCG>TCG,A>S,holB,nonsyn,250,
62.5,F40,NC_000913:1452943,C>T,coding,-,GCG>ACG,A>T,paaZ,nonsyn,250,
62.5,F40,NC_000913:1505356,G>A,coding,-,CCT>CTT,P>L,ydcO,nonsyn,250,
62.5,F40,NC_000913:1932658,T>A,coding,-,GCA>GCT,A>A,eda,syn,250,
62.5,F40,NC_000913:2304522,G>T,non-coding,,,,,,250,
62.5,F40,NC_000913:2304523,G>C,non-coding,,,,,,250,
62.5,F40,NC_000913:2539585,A>T,non-coding,,,,,,250,
62.5,F41,NC_000913:440554,C>G,coding,-,GGC>GCC,G>A,ispA,nonsyn,167,
62.5,F41,NC_000913:565501,C>T,coding,-,GCA>ACA,A>T,intD,nonsyn,167,
62.5,F41,NC_000913:1331208,A>G,coding,+,AAG>AGG,K>R,topA,nonsyn,167,
62.5,F41,NC_000913:1648395,A>G,non-coding,,,,,,167,
62.5,F41,NC_000913:2663096,C>A,coding,-,GTG>GTT,V>V,trmJ,syn,167,
62.5,F41,NC_000913:2818775,T>C,non-coding,,,,,,167,
62.5,F41,NC_000913:2967585,C>A,coding,-,GCC>TCC,A>S,ptsP,nonsyn,167,
62.5,F42,NC_000913:444686,C>G,coding,+,CCA>GCA,P>A,yajQ,nonsyn,167,
62.5,F42,NC_000913:1478193,T>C,coding,+,TGT>TGC,C>C,ynbA,syn,167,
62.5,F42,NC_000913:2805485,A>G,coding,+,GAT>GGT,D>G,proV,nonsyn,167,
62.5,F42,NC_000913:3103576,T>G,coding,+,GGT>GGG,G>G,mutY,syn,167,
62.5,F42,NC_000913:4625778,T>C,coding,+,GTG>GCG,V>A,serB,nonsyn,167,
62.5,F43,NC_000913:228944,C>A,non-coding,,,,,,500,
62.5,F43,NC_000913:568627,T>G,coding,+,TCA>GCA,S>A,emrE,nonsyn,500,
62.5,F43,NC_000913:923811,G>A,coding,+,GGC>GAC,G>D,clpA,nonsyn,500,
62.5,F43,NC_000913:1353900,C>A,coding,-,GCT>TCT,A>S,sapC,nonsyn,500,
62.5,F43,NC_000913:2188181,A>G,coding,-,GAT>GAC,D>D,yehA,syn,500,
62.5,F43,NC_000913:2429932,C>A,coding,-,GGC>TGC,G>C,purF,nonsyn,500,
62.5,F44,NC_000913:1843725,C>T,non-coding,,,,,,125,
62.5,F44,NC_000913:1905564,G>A,non-coding,,,,,,125,
62.5,F44,NC_000913:1994465,T>C,coding,-,GAA>GGA,E>G,uvrC,nonsyn,125,
62.5,F44,NC_000913:2773762,T>C,coding,+,TCC>CCC,S>P,yfjW,nonsyn,125,
62.5,F44,NC_000913:3026148,A>C,coding,+,AAG>ACG,K>T,guaD,nonsyn,125,
62.5,F44,NC_000913:3943459,A>G,non-coding,,,,,,125,
62.5,F45,NC_000913:1003601,T>A,coding,+,TCG>ACG,S>T,ycbV,nonsyn,125,
62.5,F45,NC_000913:1003602,C>A,coding,+,TCG>TAG,S>*,ycbV,nonsyn,125,
62.5,F45,NC_000913:1396152,G>C,coding,+,AGT>ACT,S>T,insH1,nonsyn,125,
62.5,F45,NC_000913:2965660,C>T,coding,-,CAG>CAA,Q>Q,lgt,syn,125,
62.5,F45,NC_000913:4419842,A>C,non-coding,,,,,,125,
62.5,F46,NC_000913:1020961,A>G,non-coding,,,,,,125,
62.5,F46,NC_000913:1746485,T>G,non-coding,,,,,,125,
62.5,F46,NC_000913:3899276,G>C,coding,-,CCC>GCC,P>A,yieK,nonsyn,125,
62.5,F46,NC_000913:4392564,T>C,non-coding,,,,,,125,
62.5,F46,NC_000913:4392567,G>A,non-coding,,,,,,125,
62.5,F47,NC_000913:875330,T>G,non-coding,,,,,,500,
62.5,F47,NC_000913:1605444,A>G,coding,+,ACG>GCG,T>A,lsrB,nonsyn,500,
62.5,F47,NC_000913:1619343,T>C,coding,+,CTG>CCG,L>P,marR,nonsyn,500,
62.5,F48,NC_000913:1351999,T>C,coding,-,GGA>GGG,G>G,sapF,syn,125,
62.5,F48,NC_000913:1572121,C>T,non-coding,,,,,,125,
62.5,F48,NC_000913:2715717,G>T,coding,+,GGA>TGA,G>*,eamB,nonsyn,125,
62.5,F48,NC_000913:2886762,A>C,coding,-,GTA>GGA,V>G,ygcB,nonsyn,125,
62.5,F48,NC_000913:4310691,A>G,coding,-,GTA>GCA,V>A,alsA,nonsyn,125,
62.5,F48,NC_000913:4417315,C>A,coding,+,CTG>ATG,L>M,yjfP,nonsyn,125,
62.5,F48,NC_000913:4554677,G>A,coding,+,CCG>CCA,P>P,uxuR,syn,125,
75,G2,NC_000913:442961,G>A,coding,+,GAG>GAA,E>E,thiI,syn,125,
75,G2,NC_000913:1649867,T>G,coding,+,GTT>GGT,V>G,ydfD,nonsyn,125,
75,G2,NC_000913:1802309,G>C,coding,-,CCG>GCG,P>A,thrS,nonsyn,125,
75,G2,NC_000913:1863500,A>G,coding,+,ACC>GCC,T>A,gapA,nonsyn,125,
75,G2,NC_000913:2616162,C>A,coding,+,GCC>GCA,A>A,bepA,syn,125,
75,G2,NC_000913:2653971,T>G,non-coding,,,,,,125,
75,G2,NC_000913:2886861,T>C,coding,-,TAT>TGT,Y>C,ygcB,nonsyn,125,
75,G2,NC_000913:3768355,C>T,coding,+,TCA>TTA,S>L,yibG,nonsyn,125,
75,G2,NC_000913:3835418,T>C,coding,-,AAT>AGT,N>S,yicJ,nonsyn,125,
75,G2,NC_000913:3847546,C>G,coding,-,GGC>GCC,G>A,uhpC,nonsyn,125,
75,G2,NC_000913:4279622,T>G,coding,+,TTT>GTT,F>V,yjcD,nonsyn,125,
75,G3,NC_000913:505107,G>T,coding,+,GGT>GTT,G>V,ushA,nonsyn,125,
75,G3,NC_000913:947685,C>A,coding,+,CTG>ATG,L>M,ycaM,nonsyn,125,
75,G3,NC_000913:1068941,C>G,coding,-,GGC>GCC,G>A,rutG,nonsyn,125,
75,G3,NC_000913:1605984,T>G,coding,+,TAT>GAT,Y>D,lsrB,nonsyn,125,
75,G3,NC_000913:1606332,T>G,coding,+,CTG>CGG,L>R,lsrF,nonsyn,125,
75,G4,NC_000913:83098,C>G,coding,-,GGG>GGC,G>G,leuA,syn,125,
75,G4,NC_000913:1874250,G>A,non-coding,,,,,,125,
75,G4,NC_000913:1925209,G>T,coding,+,CCG>CCT,P>P,holE,syn,125,
75,G4,NC_000913:2165070,T>C,non-coding,,,,,,125,
75,G4,NC_000913:3944115,A>G,non-coding,,,,,,125,
75,G5,NC_000913:223648,A>G,non-coding,,,,,,125,
75,G5,NC_000913:1059312,C>T,coding,+,GGC>GGT,G>G,torA,syn,125,
75,G5,NC_000913:1513646,T>A,coding,+,ATC>AAC,I>N,ydcT,nonsyn,125,
75,G5,NC_000913:1597281,A>G,non-coding,,,,,,125,
75,G5,NC_000913:2818145,T>C,non-coding,,,,,,125,
75,G5,NC_000913:2818149,T>C,non-coding,,,,,,125,
75,G5,NC_000913:2818760,T>C,non-coding,,,,,,125,
75,G5,NC_000913:3077978,A>C,coding,-,GCT>GCG,A>A,cmtA,syn,125,
75,G5,NC_000913:3337427,G>C,coding,-,AAC>AAG,N>K,mlaC,nonsyn,125,
75,G5,NC_000913:4238711,A>G,coding,+,ATC>GTC,I>V,yjbH,nonsyn,125,
75,G7,NC_000913:667643,T>C,coding,-,AAT>AGT,N>S,mrdA,nonsyn,125,
75,G7,NC_000913:684941,C>T,coding,-,GTG>GTA,V>V,gltL,syn,125,
75,G7,NC_000913:838498,T>G,non-coding,,,,,,125,
75,G7,NC_000913:1102028,T>C,coding,-,AAC>GAC,N>D,csgF,nonsyn,125,
75,G7,NC_000913:2193328,G>A,coding,-,CAT>TAT,H>Y,mrp,nonsyn,125,
75,G7,NC_000913:3371175,A>T,coding,-,TTG>TAG,L>*,nanT,nonsyn,125,
75,G7,NC_000913:3428558,T>C,non-coding,,,,,,125,
75,G8,NC_000913:2107250,C>T,coding,-,GTG>GTA,V>V,glf,syn,417,
75,G8,NC_000913:3878720,A>T,coding,-,GTG>GAG,V>E,gyrB,nonsyn,417,
75,G8,NC_000913:4190646,T>C,non-coding,,,,,,417,
75,G10,NC_000913:312031,A>C,non-coding,,,,,,500,
75,G10,NC_000913:2917090,T>G,coding,+,GCT>GCG,A>A,barA,syn,500,
75,G10,NC_000913:3275094,G>A,non-coding,,,,,,500,
75,G10,NC_000913:4082708,T>G,coding,-,ACC>CCC,T>P,fdoH,nonsyn,500,
75,G10,NC_000913:4542775,T>G,non-coding,,,,,,500,
75,G11,NC_000913:311481,C>T,non-coding,,,,,,500,
75,G11,NC_000913:1521833,C>G,coding,-,CTG>CTC,L>L,yncD,syn,500,
75,G11,NC_000913:3999358,A>T,coding,+,CAG>CTG,Q>L,uvrD,nonsyn,500,
75,G12,NC_000913:1071509,C>A,coding,-,GGC>GTC,G>V,rutD,nonsyn,125,
75,G12,NC_000913:2012316,C>T,non-coding,,,,,,125,
75,G12,NC_000913:2963333,T>C,coding,-,GAA>GAG,E>E,ppdB,syn,125,
75,G12,NC_000913:3035052,A>G,coding,-,CGT>CGC,R>R,lysS,syn,125,
75,G12,NC_000913:3517080,T>G,coding,-,GAT>GCT,D>A,damX,nonsyn,125,
75,G13,NC_000913:7516,G>T,coding,-,GTC>GTA,V>V,yaaJ,syn,125,
75,G13,NC_000913:136712,T>C,coding,-,GAC>GGC,D>G,yacC,nonsyn,125,
75,G13,NC_000913:1581352,C>T,coding,-,AAG>AAA,K>K,ydeN,syn,125,
75,G13,NC_000913:3498314,G>A,coding,+,GGG>AGG,G>R,cysG,nonsyn,125,
75,G14,NC_000913:2188417,A>G,non-coding,,,,,,500,
75,G14,NC_000913:2569807,G>A,coding,-,GCC>GCT,A>A,eutJ,syn,500,
75,G14,NC_000913:3651193,A>C,non-coding,,,,,,500,
75,G15,NC_000913:224814,A>G,non-coding,,,,,,125,
75,G15,NC_000913:594664,A>C,coding,-,ATC>AGC,I>S,cusS,nonsyn,125,
75,G15,NC_000913:734833,A>C,non-coding,,,,,,125,
75,G15,NC_000913:1498463,G>C,coding,+,CCG>CCC,P>P,opgD,syn,125,
75,G15,NC_000913:2370757,A>T,coding,+,GAT>GTT,D>V,arnD,nonsyn,125,
75,G15,NC_000913:3503153,C>T,coding,+,CCG>TCG,P>S,frlC,nonsyn,125,
75,G15,NC_000913:3942134,A>G,non-coding,,,,,,125,
75,G16,NC_000913:1360695,C>G,coding,-,GCC>CCC,A>P,puuA,nonsyn,500,
75,G16,NC_000913:1726152,T>G,coding,+,TCC>GCC,S>A,nemR,nonsyn,500,
75,G16,NC_000913:2704723,G>A,coding,-,ACC>ATC,T>I,lepB,nonsyn,500,
75,G16,NC_000913:3545872,C>A,coding,+,GAC>GAA,D>E,nfuA,nonsyn,500,
75,G16,NC_000913:4277527,G>A,coding,+,CGC>CAC,R>H,soxR,nonsyn,500,
75,G17,NC_000913:1934585,C>T,coding,-,CGC>CAC,R>H,edd,nonsyn,250,
75,G17,NC_000913:3114619,A>T,coding,-,GAT>GAA,D>E,yghJ,nonsyn,250,
75,G18,NC_000913:1641041,C>A,non-coding,,,,,,250,
75,G18,NC_000913:2521231,T>A,non-coding,,,,,,250,
75,G19,NC_000913:330159,G>C,coding,+,GCG>CCG,A>P,betT,nonsyn,250,
75,G19,NC_000913:393796,A>G,non-coding,,,,,,250,
75,G19,NC_000913:1620240,A>G,coding,-,TAA>CAA,*>Q,eamA,nonsyn,250,
75,G19,NC_000913:1710640,C>A,coding,+,GCG>GAG,A>E,rsxG,nonsyn,250,
75,G19,NC_000913:2659365,T>G,coding,-,AAA>CAA,K>Q,hscB,nonsyn,250,
75,G19,NC_000913:3218793,A>C,coding,-,GTG>GGG,V>G,aer,nonsyn,250,
75,G19,NC_000913:3320183,G>A,coding,-,TAC>TAT,Y>Y,yhbX,syn,250,
75,G19,NC_000913:3373638,T>C,non-coding,,,,,,250,
75,G20,NC_000913:523701,A>C,coding,+,GCA>GCC,A>A,rhsD,syn,125,
75,G20,NC_000913:1189451,A>G,coding,-,ATC>ACC,I>T,phoQ,nonsyn,125,
75,G20,NC_000913:2489942,G>C,coding,-,TCC>TGC,S>C,yfdV,nonsyn,125,
75,G20,NC_000913:2982037,A>G,coding,-,TTC>TCC,F>S,araE,nonsyn,125,
75,G20,NC_000913:3041191,C>A,non-coding,,,,,,125,
75,G22,NC_000913:716347,T>C,non-coding,,,,,,125,
75,G22,NC_000913:2760302,G>T,coding,+,GAA>TAA,E>*,yfjI,nonsyn,125,
75,G22,NC_000913:3307045,G>A,coding,-,AGC>AGT,S>S,deaD,syn,125,
75,G22,NC_000913:3497014,C>T,coding,+,GAC>GAT,D>D,nirC,syn,125,
75,G23,NC_000913:29254,C>T,non-coding,,,,,,250,
75,G23,NC_000913:432964,A>C,non-coding,,,,,,250,
75,G23,NC_000913:634556,T>C,coding,+,GTG>GCG,V>A,ybdL,nonsyn,250,
75,G23,NC_000913:1439982,A>T,coding,-,GTG>GAG,V>E,pfo,nonsyn,250,
75,G23,NC_000913:2685797,G>A,non-coding,,,,,,250,
75,G24,NC_000913:1020961,A>G,non-coding,,,,,,125,
75,G24,NC_000913:1531057,T>C,non-coding,,,,,,125,
75,G24,NC_000913:1829981,T>C,coding,-,GAC>GGC,D>G,astA,nonsyn,125,
75,G24,NC_000913:3117560,G>C,coding,-,GCC>GGC,A>G,yghJ,nonsyn,125,
75,G25,NC_000913:435813,T>A,coding,+,GAT>GAA,D>E,thiL,nonsyn,1000,
75,G25,NC_000913:571663,T>C,coding,+,TAT>TAC,Y>Y,ybcM,syn,1000,
75,G25,NC_000913:583505,A>T,non-coding,,,,,,1000,
75,G25,NC_000913:1052605,T>G,coding,-,GAC>GCC,D>A,yccM,nonsyn,1000,
75,G25,NC_000913:2490314,G>A,coding,-,GCA>GTA,A>V,oxc,nonsyn,1000,
75,G25,NC_000913:2494424,T>C,non-coding,,,,,,1000,
75,G25,NC_000913:2626944,C>T,coding,-,CTG>CTA,L>L,yfgF,syn,1000,
75,G26,NC_000913:1619121,T>C,coding,+,GTG>GCG,M>A,marR,nonsyn,500,
75,G26,NC_000913:2192484,T>G,non-coding,,,,,,500,
75,G26,NC_000913:2782879,A>G,non-coding,,,,,,500,
75,G27,NC_000913:754867,C>T,non-coding,,,,,,250,
75,G27,NC_000913:1619382,C>T,coding,+,CCG>CTG,P>L,marR,nonsyn,250,
75,G27,NC_000913:2938424,A>C,coding,+,GAA>GAC,E>D,fucK,nonsyn,250,
75,G27,NC_000913:3280722,G>C,non-coding,,,,,,250,
75,G27,NC_000913:3428506,C>G,non-coding,,,,,,250,
75,G27,NC_000913:3808144,T>G,non-coding,,,,,,250,
75,G27,NC_000913:4175413,A>G,non-coding,,,,,,250,
75,G27,NC_000913:4555725,G>T,coding,-,GCA>GAA,A>E,yjiC,nonsyn,250,
75,G28,NC_000913:757240,A>T,coding,+,AAC>ATC,N>I,sdhA,nonsyn,125,
75,G28,NC_000913:1166570,C>T,coding,+,TCC>TCT,S>S,ndh,syn,125,
75,G28,NC_000913:1316169,A>C,non-coding,,,,,,125,
75,G28,NC_000913:1521803,G>T,coding,-,TCC>TCA,S>S,yncD,syn,125,
75,G28,NC_000913:3815288,G>C,coding,-,CGC>GGC,R>G,pyrE,nonsyn,125,
75,G28,NC_000913:3917373,C>T,coding,-,ATG>ATA,M>I,atpD,nonsyn,125,
75,G28,NC_000913:4288091,C>T,coding,+,CCG>TCG,P>S,nrfA,nonsyn,125,
75,G29,NC_000913:580890,T>C,coding,+,ATT>ATC,I>I,nohD,syn,125,
75,G29,NC_000913:689613,C>G,coding,-,TGG>TGC,W>C,lnt,nonsyn,125,
75,G29,NC_000913:2286444,G>A,non-coding,,,,,,125,
75,G29,NC_000913:2796247,G>C,coding,+,GCG>CCG,A>P,csiR,nonsyn,125,
75,G30,NC_000913:1260896,C>A,non-coding,,,,,,125,
75,G30,NC_000913:1910161,C>T,non-coding,,,,,,125,
75,G30,NC_000913:1946183,C>T,non-coding,,,,,,125,
75,G31,NC_000913:312327,A>T,coding,+,CGA>CGT,R>R,ykgL,syn,500,
75,G31,NC_000913:2339171,C>G,coding,-,GCG>CCG,A>P,gyrA,nonsyn,500,
75,G31,NC_000913:2906299,G>T,coding,+,GGC>TGC,G>C,ygcG,nonsyn,500,
75,G31,NC_000913:4392453,C>T,non-coding,,,,,,500,
75,G31,NC_000913:4392456,A>G,non-coding,,,,,,500,
75,G31,NC_000913:4496732,C>T,non-coding,,,,,,500,
75,G32,NC_000913:2329057,C>T,coding,-,GTG>GTA,V>V,yfaQ,syn,125,
75,G32,NC_000913:2950734,A>G,coding,-,CGT>CGC,R>R,recD,syn,125,
75,G32,NC_000913:3851687,A>T,coding,-,GAT>GAA,D>E,ilvB,nonsyn,125,
75,G32,NC_000913:4294195,A>G,non-coding,,,,,,125,
75,G33,NC_000913:354662,T>C,non-coding,,,,,,125,
75,G33,NC_000913:354669,T>G,non-coding,,,,,,125,
75,G33,NC_000913:816861,A>C,non-coding,,,,,,125,
75,G33,NC_000913:1267777,A>G,coding,+,GAC>GGC,D>G,ychA,nonsyn,125,
75,G33,NC_000913:1913547,C>T,coding,-,GGC>AGC,G>S,prc,nonsyn,125,
75,G33,NC_000913:2105070,G>A,coding,-,CTC>CTT,L>L,wbbJ,syn,125,
75,G33,NC_000913:2107950,A>C,coding,-,GTA>GGA,V>G,glf,nonsyn,125,
75,G33,NC_000913:3474560,C>T,non-coding,,,,,,125,
75,G33,NC_000913:3664813,G>A,non-coding,,,,,,125,
75,G34,NC_000913:354503,G>A,coding,+,GCG>ACG,A>T,prpE,nonsyn,125,
75,G34,NC_000913:2003448,A>C,coding,-,CGT>CGG,R>R,fliC,syn,125,
75,G34,NC_000913:2617797,G>C,coding,+,GCT>CCT,A>P,yfgD,nonsyn,125,
75,G34,NC_000913:3647083,G>A,coding,+,GGT>GAT,G>D,gor,nonsyn,125,
75,G34,NC_000913:3892014,G>T,coding,+,GGT>TGT,G>C,mdtL,nonsyn,125,
75,G34,NC_000913:4274902,C>T,coding,-,GGC>GAC,G>D,yjcB,nonsyn,125,
75,G35,NC_000913:204758,T>A,coding,+,CTG>CAG,L>Q,rnhB,nonsyn,250,
75,G35,NC_000913:845783,C>G,coding,-,CCG>CCC,P>P,glnQ,syn,250,
75,G35,NC_000913:1520352,C>T,coding,+,CCT>TCT,P>S,mcbR,nonsyn,250,
75,G35,NC_000913:1544359,T>G,non-coding,,,,,,250,
75,G35,NC_000913:2760355,T>C,coding,+,GGT>GGC,G>G,yfjI,syn,250,
75,G35,NC_000913:3941685,A>G,non-coding,,,,,,250,
75,G35,NC_000913:4248828,C>T,coding,+,TAC>TAT,Y>Y,lamB,syn,250,
75,G36,NC_000913:2339065,G>C,coding,-,GCA>GGA,A>G,gyrA,nonsyn,500,
75,G36,NC_000913:3244885,T>A,non-coding,,,,,,500,
75,G36,NC_000913:3476866,T>C,coding,-,TAC>TGC,Y>C,fkpA,nonsyn,500,
75,G37,NC_000913:15344,T>G,non-coding,,,,,,250,
75,G37,NC_000913:2129834,T>C,coding,-,AAA>GAA,K>E,wcaD,nonsyn,250,
75,G37,NC_000913:3685046,G>C,coding,-,CGC>CGG,R>R,yhjK,syn,250,
75,G38,NC_000913:554995,A>T,coding,+,ATC>TTC,I>F,cysS,nonsyn,125,
75,G38,NC_000913:1633923,G>A,coding,+,GGG>GAG,G>E,pinQ,nonsyn,125,
75,G38,NC_000913:1786901,T>C,coding,-,GAA>GGA,E>G,ppsA,nonsyn,125,
75,G38,NC_000913:2464080,T>C,non-coding,,,,,,125,
75,G39,NC_000913:1384176,G>A,coding,+,CTG>CTA,L>L,ycjX,syn,125,
75,G39,NC_000913:1662589,T>C,coding,+,GAT>GAC,D>D,ynfF,syn,125,
75,G39,NC_000913:4368692,T>C,coding,+,TTC>TCC,F>S,fxsA,nonsyn,125,
75,G39,NC_000913:4554703,T>G,coding,+,CTT>CGT,L>R,uxuR,nonsyn,125,
75,G40,NC_000913:343261,G>T,coding,+,CTG>CTT,L>L,yahK,syn,125,
75,G40,NC_000913:724908,C>T,coding,-,CTG>CTA,L>L,kdpC,syn,125,
75,G40,NC_000913:1267926,A>T,coding,+,ACC>TCC,T>S,ychA,nonsyn,125,
75,G40,NC_000913:1451355,A>T,non-coding,,,,,,125,
75,G40,NC_000913:1802435,C>A,coding,-,GAT>TAT,D>Y,thrS,nonsyn,125,
75,G40,NC_000913:1888053,C>A,non-coding,,,,,,125,
75,G40,NC_000913:2227228,C>A,coding,-,GGC>TGC,G>C,yohF,nonsyn,125,
75,G40,NC_000913:2564480,T>C,non-coding,,,,,,125,
75,G40,NC_000913:3958515,T>A,coding,+,GAT>GAA,D>E,ilvC,nonsyn,125,
75,G40,NC_000913:4011002,C>T,non-coding,,,,,,125,
75,G40,NC_000913:4233447,T>G,non-coding,,,,,,125,
75,G41,NC_000913:1902147,A>T,coding,+,ATC>TTC,I>F,manX,nonsyn,125,
75,G41,NC_000913:4035631,A>G,non-coding,,,,,,125,
75,G42,NC_000913:1699844,C>T,coding,+,CGT>TGT,R>C,malX,nonsyn,125,
75,G42,NC_000913:1895605,A>G,coding,+,GAA>GAG,E>E,pabB,syn,125,
75,G42,NC_000913:3266044,C>T,non-coding,,,,,,125,
75,G42,NC_000913:4189419,T>G,coding,+,ATC>AGC,I>S,rpoC,nonsyn,125,
75,G42,NC_000913:4368252,G>A,coding,-,CAC>TAC,H>Y,aspA,nonsyn,125,
75,G44,NC_000913:1645581,A>C,coding,-,CTG>CGG,L>R,relE,nonsyn,125,
75,G44,NC_000913:2649448,A>C,coding,-,TTC>TGC,F>C,yfhM,nonsyn,125,
75,G44,NC_000913:3830110,G>C,coding,+,GGC>GCC,G>A,xanP,nonsyn,125,
75,G44,NC_000913:4094361,G>A,non-coding,,,,,,125,
75,G45,NC_000913:231207,G>C,coding,+,GGC>GCC,G>A,yafD,nonsyn,125,
75,G45,NC_000913:847968,T>G,coding,-,ACC>CCC,T>P,glnH,nonsyn,125,
75,G45,NC_000913:1395845,C>G,coding,-,ATG>ATC,M>I,ynaI,nonsyn,125,
75,G45,NC_000913:2033505,C>A,non-coding,,,,,,125,
75,G45,NC_000913:2059907,G>A,non-coding,,,,,,125,
75,G45,NC_000913:2101503,A>G,non-coding,,,,,,125,
75,G45,NC_000913:2455442,T>C,coding,-,ACC>GCC,T>A,yfcV,nonsyn,125,
75,G45,NC_000913:2911377,T>C,non-coding,,,,,,125,
75,G45,NC_000913:3380896,G>C,coding,+,GCA>CCA,A>P,degQ,nonsyn,125,
75,G46,NC_000913:759303,A>C,coding,+,AAA>CAA,K>Q,sucA,nonsyn,125,
75,G46,NC_000913:781415,T>C,non-coding,,,,,,125,
75,G46,NC_000913:924123,T>A,coding,+,ATC>AAC,I>N,clpA,nonsyn,125,
75,G46,NC_000913:1149855,A>G,coding,+,GAC>GGC,D>G,fabD,nonsyn,125,
75,G46,NC_000913:1992193,T>C,non-coding,,,,,,125,
75,G46,NC_000913:3444829,A>T,coding,-,ATC>AAC,I>N,rpsE,nonsyn,125,
75,G46,NC_000913:4328928,C>G,coding,+,CGC>CGG,R>R,crfC,syn,125,
75,G47,NC_000913:501526,A>G,non-coding,,,,,,125,
75,G47,NC_000913:745954,T>A,coding,+,ATC>AAC,I>N,nei,nonsyn,125,
75,G47,NC_000913:2532096,T>C,coding,+,TTT>CTT,F>L,cysZ,nonsyn,125,
75,G47,NC_000913:3129985,T>G,non-coding,,,,,,125,
75,G47,NC_000913:3879659,A>T,coding,-,CTG>CAG,L>Q,gyrB,nonsyn,125,
75,G48,NC_000913:1187237,G>A,coding,-,GCA>GTA,A>V,roxA,nonsyn,125,
75,G48,NC_000913:1696304,T>C,non-coding,,,,,,125,
75,G48,NC_000913:1907896,A>T,non-coding,,,,,,125,
75,G48,NC_000913:2470238,T>C,coding,+,TCT>CCT,S>P,gtrS,nonsyn,125,
87.5,H1,NC_000913:375176,A>G,non-coding,,,,,,125,
87.5,H1,NC_000913:1935488,C>T,coding,-,CGC>CAC,R>H,zwf,nonsyn,125,
87.5,H1,NC_000913:2813080,G>A,coding,+,CCG>CCA,P>P,emrB,syn,125,
87.5,H2,NC_000913:767640,C>G,coding,+,CTG>GTG,L>V,mngA,nonsyn,250,
87.5,H2,NC_000913:1182928,G>A,coding,-,AAC>AAT,N>N,potC,syn,250,
87.5,H2,NC_000913:2731509,T>C,non-coding,,,,,,250,
87.5,H2,NC_000913:3184973,A>G,coding,+,GAC>GGC,D>G,yqiC,nonsyn,250,
87.5,H2,NC_000913:3320654,A>G,coding,-,GGT>GGC,G>G,yhbX,syn,250,
87.5,H2,NC_000913:3790550,G>A,coding,-,CCG>TCG,P>S,tdh,nonsyn,250,
87.5,H2,NC_000913:3941916,A>G,non-coding,,,,,,250,
87.5,H3,NC_000913:652063,A>G,non-coding,,,,,,250,
87.5,H3,NC_000913:745356,A>C,coding,+,GAA>GAC,E>D,ybgL,nonsyn,250,
87.5,H3,NC_000913:1453709,G>A,non-coding,,,,,,250,
87.5,H3,NC_000913:1651414,A>G,non-coding,,,,,,250,
87.5,H3,NC_000913:3949786,C>A,coding,-,GCG>TCG,A>S,yifB,nonsyn,250,
87.5,H3,NC_000913:4025837,C>G,coding,+,CCG>GCG,P>A,ubiD,nonsyn,250,
87.5,H3,NC_000913:4325822,G>A,non-coding,,,,,,250,
87.5,H3,NC_000913:4325847,T>C,non-coding,,,,,,250,
87.5,H3,NC_000913:4325848,G>A,non-coding,,,,,,250,
87.5,H3,NC_000913:4392453,C>T,non-coding,,,,,,250,
87.5,H3,NC_000913:4392456,A>G,non-coding,,,,,,250,
87.5,H4,NC_000913:897437,C>T,coding,+,GGC>GGT,G>G,potI,syn,125,
87.5,H4,NC_000913:1181120,G>A,coding,-,CTT>TTT,L>F,ycfZ,nonsyn,125,
87.5,H4,NC_000913:1379399,G>A,coding,+,GAC>AAC,D>N,ycjT,nonsyn,125,
87.5,H4,NC_000913:4033689,C>A,coding,+,GCG>GAG,A>E,trkH,nonsyn,125,
87.5,H4,NC_000913:4330459,T>G,non-coding,,,,,,125,
87.5,H5,NC_000913:2148168,T>C,coding,+,GGT>GGC,G>G,yegD,syn,125,
87.5,H5,NC_000913:4193436,C>T,coding,-,CTG>CTA,L>L,thiF,syn,125,
87.5,H6,NC_000913:933298,G>A,coding,+,GCG>GCA,A>A,ftsK,syn,250,
87.5,H6,NC_000913:1557571,T>C,coding,-,GCA>GCG,A>A,ddpF,syn,250,
87.5,H6,NC_000913:2179763,G>T,coding,+,GAT>TAT,D>Y,yegT,nonsyn,250,
87.5,H7,NC_000913:1585592,C>G,coding,-,GAT>CAT,D>H,ydeP,nonsyn,250,
87.5,H7,NC_000913:2023726,A>C,non-coding,,,,,,250,
87.5,H7,NC_000913:3327395,G>A,coding,-,ATC>ATT,I>I,rlmE,syn,250,
87.5,H8,NC_000913:954589,A>G,non-coding,,,,,,125,
87.5,H8,NC_000913:1397754,T>A,coding,-,GAT>GTT,D>V,uspE,nonsyn,125,
87.5,H8,NC_000913:1579335,G>A,coding,-,ACC>ATC,T>I,yddA,nonsyn,125,
87.5,H8,NC_000913:2404587,A>T,coding,-,GAT>GAA,D>E,nuoB,nonsyn,125,
87.5,H9,NC_000913:1020961,A>G,non-coding,,,,,,250,
87.5,H9,NC_000913:1600426,C>T,coding,-,GCG>GCA,A>A,lsrR,syn,250,
87.5,H9,NC_000913:1647030,C>T,non-coding,,,,,,250,
87.5,H9,NC_000913:2618360,T>C,coding,-,CCA>CCG,P>P,hda,syn,250,
87.5,H9,NC_000913:2798780,A>G,non-coding,,,,,,250,
87.5,H9,NC_000913:3428826,T>C,non-coding,,,,,,250,
87.5,H9,NC_000913:4267869,C>T,coding,+,TAC>TAT,Y>Y,tyrB,syn,250,
87.5,H9,NC_000913:4462837,T>C,non-coding,,,,,,250,
87.5,H10,NC_000913:1272599,G>T,coding,+,GCG>GCT,A>A,chaC,syn,250,
87.5,H10,NC_000913:2811940,G>C,coding,+,GCG>CCG,A>P,emrA,nonsyn,250,
87.5,H10,NC_000913:3396154,G>A,coding,-,GCC>GCT,A>A,yhdP,syn,250,
87.5,H10,NC_000913:4299250,A>T,coding,-,GGT>GGA,G>G,fdhF,syn,250,
87.5,H11,NC_000913:3322443,C>A,coding,-,ATG>ATT,M>I,secG,nonsyn,250,
87.5,H12,NC_000913:1856634,C>T,coding,-,GTT>ATT,V>I,ydjH,nonsyn,250,
87.5,H12,NC_000913:3062645,G>A,coding,+,CGC>CAC,R>H,scpA,nonsyn,250,
87.5,H13,NC_000913:842236,A>C,non-coding,,,,,,250,
87.5,H13,NC_000913:1020937,T>C,non-coding,,,,,,250,
87.5,H13,NC_000913:1650536,G>T,non-coding,,,,,,250,
87.5,H13,NC_000913:1883982,G>C,coding,+,TGG>TGC,W>C,yeaV,nonsyn,250,
87.5,H13,NC_000913:3145107,A>T,coding,-,TGC>AGC,C>S,hybA,nonsyn,250,
87.5,H13,NC_000913:3801189,G>A,coding,-,CCG>TCG,P>S,waaJ,nonsyn,250,
87.5,H13,NC_000913:3970191,T>A,coding,+,GTG>GAG,V>E,wecB,nonsyn,250,
87.5,H14,NC_000913:3361710,A>C,coding,+,ACC>CCC,T>P,gltF,nonsyn,250,
87.5,H15,NC_000913:2512749,G>A,non-coding,,,,,,250,
87.5,H15,NC_000913:2564482,T>C,non-coding,,,,,,250,
87.5,H16,NC_000913:1216799,A>C,coding,+,AAT>CAT,N>H,ymgC,nonsyn,250,
87.5,H16,NC_000913:1872853,G>C,coding,+,GGG>GGC,G>G,yeaJ,syn,250,
87.5,H16,NC_000913:2129157,T>C,coding,-,GAA>GGA,E>G,wcaE,nonsyn,250,
87.5,H17,NC_000913:2957222,G>A,coding,-,CGT>TGT,R>C,ptrA,nonsyn,250,
87.5,H18,NC_000913:1979502,A>G,non-coding,,,,,,250,
87.5,H18,NC_000913:3585538,T>C,coding,-,AAC>AGC,N>S,ggt,nonsyn,250,
87.5,H18,NC_000913:4394301,T>C,coding,+,GTC>GCC,V>A,nnr,nonsyn,250,
87.5,H19,NC_000913:1306101,C>A,coding,+,TCG>TAG,S>*,oppF,nonsyn,125,
87.5,H19,NC_000913:1618033,G>C,coding,+,GCG>CCG,A>P,ydeA,nonsyn,125,
87.5,H19,NC_000913:3677696,G>A,coding,-,CTG>TTG,L>L,yhjG,syn,125,
87.5,H19,NC_000913:4051617,C>T,coding,+,CCT>TCT,P>S,yihI,nonsyn,125,
87.5,H20,NC_000913:369030,G>C,coding,+,GAG>GAC,E>D,mhpA,nonsyn,125,
87.5,H20,NC_000913:1027161,G>A,coding,-,CAA>TAA,Q>*,yccT,nonsyn,125,
87.5,H21,NC_000913:637138,G>T,coding,-,CGT>AGT,R>S,ybdO,nonsyn,500,
87.5,H21,NC_000913:1432551,G>T,coding,+,CCG>CCT,P>P,tfaR,syn,500,
87.5,H21,NC_000913:1513186,T>C,coding,+,TTG>CTG,L>L,ydcT,syn,500,
87.5,H21,NC_000913:1619325,G>A,coding,+,GGA>GAA,G>E,marR,nonsyn,500,
87.5,H21,NC_000913:1678988,A>C,coding,+,ATC>CTC,I>L,ydgH,nonsyn,500,
87.5,H21,NC_000913:3406078,T>C,coding,+,GCT>GCC,A>A,accC,syn,500,
87.5,H21,NC_000913:4555972,C>G,coding,-,GCG>CCG,A>P,yjiC,nonsyn,500,
87.5,H22,NC_000913:2298647,C>A,coding,-,GCG>GCT,A>A,napB,syn,125,
87.5,H23,NC_000913:1465668,G>C,non-coding,,,,,,125,
87.5,H23,NC_000913:2106340,A>C,coding,-,GTG>GGG,V>G,wbbH,nonsyn,125,
87.5,H23,NC_000913:2384067,A>T,coding,-,GAT>GAA,D>E,yfbK,nonsyn,125,
87.5,H23,NC_000913:4001160,A>C,non-coding,,,,,,125,
87.5,H24,NC_000913:2337450,T>G,coding,-,AAA>AAC,K>N,gyrA,nonsyn,250,
87.5,H24,NC_000913:2569429,G>T,coding,-,CCG>CAG,P>Q,eutG,nonsyn,250,
87.5,H24,NC_000913:2666827,A>C,coding,-,GCT>GCG,A>A,hcaT,syn,250,
87.5,H25,NC_000913:613456,C>T,coding,+,CGC>CGT,R>R,fes,syn,250,
87.5,H25,NC_000913:828537,G>A,coding,-,CTG>TTG,L>L,ybhF,syn,250,
87.5,H25,NC_000913:1428700,A>G,non-coding,,,,,,250,
87.5,H25,NC_000913:1619094,A>G,non-coding,,,,,,250,
87.5,H25,NC_000913:2176917,A>C,coding,-,TCT>TCG,S>S,gatY,syn,250,
87.5,H25,NC_000913:3537783,T>G,coding,+,GAT>GAG,D>E,yhgF,nonsyn,250,
87.5,H25,NC_000913:3957525,A>T,coding,-,GTG>GAG,V>E,ilvY,nonsyn,250,
87.5,H25,NC_000913:4415414,G>A,coding,+,GCG>GCA,A>A,aidB,syn,250,
87.5,H26,NC_000913:1353056,T>A,coding,-,CCA>CCT,P>P,sapD,syn,125,
87.5,H26,NC_000913:1865743,T>G,coding,-,ATC>CTC,I>L,mipA,nonsyn,125,
87.5,H26,NC_000913:2234161,T>A,coding,+,GAT>GAA,D>E,preT,nonsyn,125,
87.5,H26,NC_000913:3567041,A>C,coding,-,GAT>GAG,D>E,glgA,nonsyn,125,
87.5,H26,NC_000913:3915509,G>A,non-coding,,,,,,125,
87.5,H26,NC_000913:4592788,C>T,coding,+,CTG>TTG,L>L,tsr,syn,125,
87.5,H27,NC_000913:1394973,A>G,coding,-,GTA>GCA,V>A,ynaI,nonsyn,250,
87.5,H27,NC_000913:1875207,T>C,coding,-,ACT>GCT,T>A,yeaM,nonsyn,250,
87.5,H28,NC_000913:488313,C>A,coding,+,GCG>GAG,A>E,mscK,nonsyn,125,
87.5,H28,NC_000913:1016421,C>T,coding,-,GGT>GAT,G>D,fabA,nonsyn,125,
87.5,H28,NC_000913:2306814,G>A,non-coding,,,,,,125,
87.5,H28,NC_000913:3173059,T>C,coding,+,GTT>GCT,V>A,mdaB,nonsyn,125,
87.5,H28,NC_000913:3213599,C>T,coding,+,CTT>TTT,L>F,rpoD,nonsyn,125,
87.5,H30,NC_000913:1410097,G>A,coding,+,GGA>GAA,G>E,dbpA,nonsyn,250,
87.5,H30,NC_000913:2899719,A>C,coding,-,GGT>GGG,G>G,ygcW,syn,250,
87.5,H30,NC_000913:4002433,T>A,coding,-,ACC>TCC,T>S,ynon-codingF,nonsyn,250,
87.5,H31,NC_000913:2633405,T>G,coding,-,GCA>GCC,A>A,guaB,syn,125,
87.5,H31,NC_000913:3136537,T>C,non-coding,,,,,,125,
87.5,H31,NC_000913:4532672,A>G,coding,-,GTC>GCC,V>A,yjhP,nonsyn,125,
87.5,H32,NC_000913:756821,T>C,coding,+,GGT>GGC,G>G,sdhA,syn,250,
87.5,H32,NC_000913:996766,C>T,coding,-,TGG>TAG,W>*,ssuA,nonsyn,250,
87.5,H32,NC_000913:1939813,C>A,coding,-,CGG>CGT,R>R,lpxM,syn,250,
87.5,H32,NC_000913:2829591,T>C,coding,+,GTA>GCA,V>A,srlR,nonsyn,250,
87.5,H32,NC_000913:2949956,G>A,coding,+,GAG>AAG,E>K,argA,nonsyn,250,
87.5,H33,NC_000913:103883,C>T,coding,+,TAC>TAT,Y>Y,ftsQ,syn,125,
87.5,H33,NC_000913:1193836,A>C,coding,-,GGT>GGG,G>G,nudJ,syn,125,
87.5,H33,NC_000913:1572223,T>C,non-coding,,,,,,125,
87.5,H33,NC_000913:3016861,A>G,coding,+,ATC>GTC,I>V,ygfK,nonsyn,125,
87.5,H33,NC_000913:3488586,C>G,coding,+,ACG>AGG,T>R,yhfK,nonsyn,125,
87.5,H34,NC_000913:2170111,G>C,non-coding,,,,,,250,
87.5,H35,NC_000913:410088,C>T,non-coding,,,,,,125,
87.5,H35,NC_000913:605975,T>C,coding,-,CGA>CGG,R>R,ybdJ,syn,125,
87.5,H35,NC_000913:1716442,T>A,coding,-,ATC>TTC,I>F,tyrS,nonsyn,125,
87.5,H35,NC_000913:2557777,G>C,coding,-,GGC>GGG,G>G,eutB,syn,125,
87.5,H35,NC_000913:2746186,A>T,non-coding,,,,,,125,
87.5,H36,NC_000913:422641,G>A,coding,+,GAT>AAT,D>N,malZ,nonsyn,125,
87.5,H36,NC_000913:618174,C>T,non-coding,,,,,,125,
87.5,H36,NC_000913:683868,A>C,coding,-,ATC>AGC,I>S,rihA,nonsyn,125,
87.5,H36,NC_000913:1059654,A>C,coding,+,GAA>GAC,E>D,torA,nonsyn,125,
87.5,H37,NC_000913:714605,G>C,coding,+,GTT>CTT,V>L,pgm,nonsyn,125,
87.5,H37,NC_000913:1746485,T>G,non-coding,,,,,,125,
87.5,H37,NC_000913:2726177,G>T,non-coding,,,,,,125,
87.5,H37,NC_000913:2818145,T>C,non-coding,,,,,,125,
87.5,H37,NC_000913:2818149,T>C,non-coding,,,,,,125,
87.5,H38,NC_000913:112,T>C,non-coding,,,,,,125,
87.5,H38,NC_000913:17129,G>A,non-coding,,,,,,125,
87.5,H38,NC_000913:131999,T>G,coding,+,TTC>GTC,F>V,acnB,nonsyn,125,
87.5,H38,NC_000913:1585566,A>C,coding,-,CCT>CCG,P>P,ydeP,syn,125,
87.5,H38,NC_000913:3632422,C>T,coding,-,GTG>ATG,V>M,yhiJ,nonsyn,125,
87.5,H38,NC_000913:3645860,G>T,coding,+,GGT>GTT,G>V,rlmJ,nonsyn,125,
87.5,H39,NC_000913:180186,A>G,coding,+,GAA>GGA,E>G,dgt,nonsyn,125,
87.5,H39,NC_000913:1682076,G>A,non-coding,,,,,,125,
87.5,H39,NC_000913:2164468,C>T,coding,+,CCT>TCT,P>S,baeR,nonsyn,125,
87.5,H39,NC_000913:2430839,G>A,non-coding,,,,,,125,
87.5,H39,NC_000913:2804750,A>G,non-coding,,,,,,125,
87.5,H39,NC_000913:4021423,C>T,coding,+,CCG>TCG,P>S,ubiB,nonsyn,125,
87.5,H39,NC_000913:4559878,C>T,coding,-,GCG>GCA,A>A,yjnon-coding,syn,125,
87.5,H41,NC_000913:589659,C>T,coding,-,CTG>CTA,L>L,nfrA,syn,250,
87.5,H41,NC_000913:743680,A>T,coding,+,ATC>TTC,I>F,ybgJ,nonsyn,250,
87.5,H41,NC_000913:1991879,T>C,non-coding,,,,,,250,
87.5,H42,NC_000913:1142926,G>T,coding,-,ACC>AAC,T>N,rne,nonsyn,250,
87.5,H42,NC_000913:2448347,T>C,coding,-,ATC>GTC,I>V,prmB,nonsyn,250,
87.5,H43,NC_000913:1619122,G>A,coding,+,GTG>GTA,M>V,marR,nonsyn,500,
87.5,H43,NC_000913:1994519,A>T,coding,-,ATC>AAC,I>N,uvrC,nonsyn,500,
87.5,H43,NC_000913:4393460,C>A,coding,-,TGC>TTC,C>F,queG,nonsyn,500,
87.5,H44,NC_000913:1258441,C>G,coding,-,GCC>CCC,A>P,pth,nonsyn,250,
87.5,H44,NC_000913:1632837,A>G,non-coding,,,,,,250,
87.5,H44,NC_000913:3046391,T>G,coding,-,CAG>CCG,Q>P,gcvP,nonsyn,250,
87.5,H45,NC_000913:3884028,G>T,non-coding,,,,,,125,
87.5,H46,NC_000913:454209,T>C,non-coding,,,,,,125,
87.5,H46,NC_000913:1303668,C>G,coding,+,CCG>CGG,P>R,oppB,nonsyn,125,
87.5,H46,NC_000913:1453680,A>G,non-coding,,,,,,125,
87.5,H46,NC_000913:2017423,A>C,coding,+,GAA>GAC,E>D,fliI,nonsyn,125,
87.5,H47,NC_000913:20880,T>A,coding,-,ATC>TTC,I>F,rpsT,nonsyn,250,
87.5,H47,NC_000913:2259149,G>A,coding,-,CTG>TTG,L>L,psuK,syn,250,
87.5,H47,NC_000913:2304575,G>A,non-coding,,,,,,250,
87.5,H47,NC_000913:3082546,A>T,coding,+,ACC>TCC,T>S,loiP,nonsyn,250,
87.5,H47,NC_000913:4634832,C>G,coding,-,CGT>CCT,R>P,rob,nonsyn,250,
87.5,H48,NC_000913:344004,G>A,non-coding,,,,,,250,
87.5,H48,NC_000913:1233268,C>G,coding,-,GTC>CTC,V>L,nhaB,nonsyn,250,
87.5,H48,NC_000913:2731234,T>G,non-coding,,,,,,250,
87.5,H48,NC_000913:3743353,A>T,coding,+,AAA>AAT,K>N,yiaK,nonsyn,250,