Line,Pos,Cons,Mut,Context,Type,Orig AA,New AA,Gene
6,10267,G,A,EX,nonsyn,C,Y,Mfl008
6,58529,C,G,EX,nonsyn,P,R,Mfl042
6,68595,C,T,EX,syn,*,*,Mfl054
6,96891,C,T,EX,nonsyn,A,V,Mfl075
6,158125,C,G,EX,nonsyn,N,K,Mfl143
6,218539,G,T,IG,,,,
6,226327,A,T,EX,nonsyn,K,N,engA
6,228086,T,C,IG,,,,
6,275005,C,T,EX,nonsyn,E,K,Mfl246
6,356160,G,A,EX,nonsyn,G,D,Mfl309
6,397953,C,T,EX,nonsyn,A,V,guaA
6,452222,G,A,EX,nonsyn,A,V,Mfl392
6,473516,G,T,EX,nonsyn,H,N,Mfl404
6,518237,A,G,EX,nonsyn,L,S,Mfl443
6,526610,C,T,EX,nonsyn,G,E,Mfl446
6,573092,G,A,EX,syn,N,N,Mfl489
6,598141,G,A,EX,nonsyn,P,L,Mfl508
6,712338,T,C,EX,nonsyn,N,S,rplA
6,758000,C,T,EX,nonsyn,V,I,Mfl652
6,779199,C,A,EX,nonsyn,A,S,Mfl670
11,27539,C,G,EX,nonsyn,T,R,Mfl019
11,47537,C,A,EX,nonsyn,S,*,Mfl034
11,49663,T,C,EX,nonsyn,I,T,Mfl036
11,80046,G,C,EX,nonsyn,L,F,Mfl061
11,341564,C,A,EX,nonsyn,P,Q,Mfl296
11,395189,G,A,EX,nonsyn,S,L,Mfl339
11,414792,G,A,EX,syn,Y,Y,valS
11,473147,C,A,EX,nonsyn,E,*,Mfl404
11,477017,G,A,EX,nonsyn,S,L,Mfl408
11,534758,G,A,IG,,,,
11,691708,T,C,EX,nonsyn,T,A,Mflt028
11,736487,C,A,EX,nonsyn,E,*,Mfl629
12,937,G,A,EX,nonsyn,V,I,dnaA
12,69934,C,T,IG,,,,
12,74006,C,T,EX,nonsyn,T,I,Mfl058
12,117679,C,G,EX,nonsyn,L,V,Mfl096
12,127441,G,A,IG,,,,
12,151034,C,A,EX,nonsyn,S,Y,rpsC
12,156509,G,C,EX,syn,G,G,secY
12,311734,C,T,EX,syn,N,N,Mfl271
12,351344,G,T,EX,nonsyn,R,I,Mfl305
12,362363,G,T,EX,nonsyn,V,F,Mfl312
12,394872,C,T,EX,nonsyn,D,N,Mfl339
12,452331,C,T,EX,nonsyn,V,I,Mfl392
12,453422,A,G,EX,nonsyn,Y,H,Mfl393
12,523496,G,T,IG,,,,
12,545977,G,A,EX,nonsyn,A,V,Mfl462
12,561732,T,C,EX,nonsyn,Y,C,Mfl476
12,657159,G,A,EX,nonsyn,A,V,Mfl565
12,663721,G,T,EX,nonsyn,G,C,Mfl570
12,785976,C,T,EX,nonsyn,V,I,Mfl675
14,5544,T,C,EX,syn,G,G,Mfl006
14,9651,C,A,EX,nonsyn,Q,K,Mfl007
14,64420,C,A,IG,,,,
14,114754,C,T,EX,syn,N,N,Mfl094
14,235829,G,A,EX,nonsyn,E,K,Mfl209
14,247924,C,T,EX,syn,D,D,Mfl221
14,416659,C,A,EX,nonsyn,D,Y,Mfl356
14,581368,T,C,EX,nonsyn,E,G,Mfl496
14,643248,G,A,EX,nonsyn,A,V,Mfl550
14,652274,C,A,EX,nonsyn,V,L,rpsB
14,695941,C,T,EX,nonsyn,G,R,Mfl597
14,774218,G,A,EX,nonsyn,T,I,Mfl667
14,776162,G,A,EX,nonsyn,T,I,Mfl668
19,27981,C,G,EX,nonsyn,P,R,Mfl020
19,52834,G,T,EX,syn,A,A,Mfl038
19,77821,G,T,EX,nonsyn,G,V,Mfl059
19,113671,G,T,EX,nonsyn,K,N,Mfl092
19,127854,C,A,EX,nonsyn,P,Q,Mfl101
19,159507,G,C,EX,nonsyn,D,H,Mfl145
19,181686,C,T,EX,syn,F,F,Mfl160
19,197380,A,G,EX,syn,K,K,Mfl168
19,310242,C,T,EX,syn,Y,Y,Mfl270
19,324141,G,C,EX,nonsyn,M,I,Mfl280
19,327322,C,T,EX,nonsyn,A,V,Mfl285
19,394773,C,A,EX,nonsyn,V,L,Mfl339
19,421247,C,A,EX,nonsyn,S,*,Mfl361
19,426085,G,A,EX,nonsyn,T,I,hisS
19,439968,G,A,IG,,,,
19,472648,A,G,EX,nonsyn,I,T,Mfl404
19,476970,G,T,EX,nonsyn,Q,K,Mfl408
19,486245,C,T,EX,nonsyn,E,K,dnaK
19,537926,T,A,EX,nonsyn,L,F,Mfl456
19,546911,C,T,EX,nonsyn,E,K,Mfl462
19,633813,C,G,EX,nonsyn,E,Q,Mfl537
19,692933,G,C,EX,nonsyn,T,R,Mfl594
19,723109,C,T,EX,nonsyn,V,I,Mfl617
19,727128,C,A,EX,syn,G,G,Mfl619
19,777359,G,C,EX,nonsyn,P,R,Mfl669
23,28346,G,T,EX,nonsyn,A,S,Mfl020
23,96815,G,A,EX,nonsyn,E,K,Mfl075
23,152869,C,T,EX,nonsyn,S,L,rplX
23,174352,G,A,EX,nonsyn,S,F,Mfl158
23,204753,C,G,EX,nonsyn,T,S,Mfl175
23,397049,A,T,IG,,,,
23,397601,G,A,EX,nonsyn,A,T,guaA
23,454220,G,A,EX,nonsyn,P,S,Mfl393
23,532517,A,C,EX,syn,V,V,Mfl450
23,613576,G,T,EX,nonsyn,S,Y,Mfl521
23,619728,G,A,EX,nonsyn,A,V,Mfl526
23,639320,T,C,EX,nonsyn,N,S,Mfl545
23,672603,C,A,EX,nonsyn,D,Y,pgk
23,701907,C,T,EX,nonsyn,G,E,rpoB
23,703407,G,A,EX,nonsyn,Q,*,Mfl599
23,708334,G,A,EX,nonsyn,T,I,Mfl604
23,749659,T,C,IG,,,,
26,48797,T,C,EX,nonsyn,N,S,Mfl035
26,247457,G,T,EX,nonsyn,E,*,Mfl221
26,251317,C,A,EX,nonsyn,A,D,Mfl226
26,358919,G,A,EX,nonsyn,E,K,Mfl310
26,442143,T,C,EX,nonsyn,H,R,Mfl382
26,452235,C,A,EX,nonsyn,V,L,Mfl392
26,452799,G,A,EX,nonsyn,Q,*,Mfl392
26,473264,G,T,EX,nonsyn,Q,K,Mfl404
26,554350,C,A,EX,nonsyn,F,L,Mfl469
26,586812,A,G,EX,syn,G,G,Mfl500
26,663656,C,A,EX,nonsyn,S,Y,Mfl570
26,670788,C,T,IG,,,,
26,700578,T,C,EX,nonsyn,N,S,rpoB
26,713653,C,A,IG,,,,
26,727328,C,T,EX,nonsyn,V,M,Mfl619
31,11632,T,G,EX,nonsyn,M,R,Mfl008
31,159961,T,A,EX,nonsyn,I,N,rpmJ
31,167257,C,A,EX,syn,I,I,Mfl156
31,202514,G,T,EX,nonsyn,D,Y,Mfl173
31,205232,G,A,EX,nonsyn,V,I,Mfl175
31,210357,C,A,EX,nonsyn,P,T,Mfl181
31,231335,G,A,EX,nonsyn,D,N,recA
31,334556,C,T,EX,nonsyn,T,I,Mfl289
31,451989,G,C,EX,syn,S,S,Mfl391
31,454536,G,A,EX,syn,S,S,mraW
31,511628,C,A,EX,nonsyn,G,*,Mfl433
31,544108,G,T,EX,nonsyn,S,*,Mfl461
31,573709,C,T,EX,nonsyn,A,T,Mfl489
31,578965,C,T,EX,nonsyn,G,R,rpsI
31,631318,G,A,EX,nonsyn,H,Y,Mfl534
31,637099,C,A,EX,nonsyn,A,S,rpsP
31,653542,G,A,EX,nonsyn,S,L,Mfl562
39,11632,T,G,EX,nonsyn,M,R,Mfl008
39,159961,T,A,EX,nonsyn,I,N,rpmJ
39,167257,C,A,EX,syn,I,I,Mfl156
39,202514,G,T,EX,nonsyn,D,Y,Mfl173
39,205232,G,A,EX,nonsyn,V,I,Mfl175
39,210357,C,A,EX,nonsyn,P,T,Mfl181
39,231335,G,A,EX,nonsyn,D,N,recA
39,334556,C,T,EX,nonsyn,T,I,Mfl289
39,451989,G,C,EX,syn,S,S,Mfl391
39,454536,G,A,EX,syn,S,S,mraW
39,511628,C,A,EX,nonsyn,G,*,Mfl433
39,544108,G,T,EX,nonsyn,S,*,Mfl461
39,573709,C,T,EX,nonsyn,A,T,Mfl489
39,578965,C,T,EX,nonsyn,G,R,rpsI
39,631318,G,A,EX,nonsyn,H,Y,Mfl534
39,637099,C,A,EX,nonsyn,A,S,rpsP
39,653542,G,A,EX,nonsyn,S,L,Mfl562
41,75261,A,G,EX,syn,E,E,Mfl058
41,142455,G,A,EX,nonsyn,D,N,Mfl118
41,316795,G,T,EX,nonsyn,E,D,Mfl275
41,348869,C,T,EX,syn,F,F,Mfl304
41,387466,G,T,EX,nonsyn,S,*,Mfl329
41,432601,A,G,EX,nonsyn,I,T,Mfl371
41,444902,G,A,EX,nonsyn,S,L,Mfl386
41,474371,G,C,EX,nonsyn,Q,E,Mfl404
41,541068,G,C,EX,nonsyn,Y,*,Mfl459
41,569317,G,T,EX,nonsyn,P,T,Mfl484
41,652370,C,T,EX,nonsyn,V,I,rpsB
41,714052,T,C,EX,nonsyn,V,A,Mfl610
41,791249,G,T,EX,nonsyn,R,S,Mfl681
42,7958,T,A,EX,syn,T,T,Mfl007
42,14099,C,A,EX,nonsyn,R,S,Mfl010
42,23722,G,A,EX,syn,Y,Y,Mfl017
42,34010,G,A,EX,nonsyn,R,H,Mfl023
42,211522,C,T,EX,nonsyn,A,V,Mfl181
42,295358,G,T,EX,nonsyn,D,Y,Mfl261
42,402425,C,A,EX,nonsyn,G,V,Mfl347
42,427320,G,A,EX,syn,L,L,Mfl367
42,455013,G,T,EX,nonsyn,N,K,mraW
42,490193,G,A,EX,nonsyn,T,I,Mfl418
42,593553,C,A,EX,nonsyn,M,I,Mfl505
42,720375,G,A,EX,nonsyn,S,L,Mfl615
47,5851,G,A,EX,nonsyn,D,N,Mfl006
47,13385,C,T,EX,nonsyn,P,L,Mfl009
47,54986,G,T,EX,nonsyn,G,*,Mfl040
47,119417,G,A,EX,nonsyn,G,S,Mfl097
47,168715,G,A,EX,syn,A,A,Mfl156
47,206061,G,A,IG,,,,
47,246881,C,T,EX,nonsyn,T,I,Mfl220
47,447308,C,G,EX,nonsyn,G,R,Mfl388
47,490514,G,A,EX,nonsyn,S,L,Mfl418
47,499319,G,A,EX,nonsyn,V,I,Mfl425
47,526392,C,T,EX,nonsyn,D,N,Mfl446
47,536946,G,A,EX,nonsyn,T,I,Mfl456
47,565949,C,A,EX,nonsyn,D,Y,asnC
47,572809,C,G,EX,nonsyn,V,L,Mfl489
47,575847,G,C,EX,nonsyn,S,*,leuS
47,593026,T,C,EX,nonsyn,D,G,Mfl505
47,610520,A,C,IG,,,,
47,715274,G,T,EX,nonsyn,P,Q,Mfl611
49,83764,C,A,EX,nonsyn,D,E,Mfl065
49,101785,C,G,EX,nonsyn,S,*,Mfl079
49,136038,G,A,EX,nonsyn,R,K,Mfl112
49,151490,C,T,EX,syn,N,N,rplP
49,184687,G,C,EX,nonsyn,V,L,gatA
49,216413,G,C,EX,nonsyn,H,Q,Mfl186
49,297716,G,T,EX,syn,A,A,Mfl262
49,303632,A,G,EX,nonsyn,*,W,Mfl264
49,308466,G,C,EX,nonsyn,V,L,Mfl269
49,375644,G,T,EX,nonsyn,H,N,Mfl319
49,429160,G,T,EX,nonsyn,H,N,Mfl368
49,441361,G,T,EX,nonsyn,G,*,Mfl381
49,452856,C,G,EX,nonsyn,A,P,Mfl392
49,495182,C,A,EX,nonsyn,*,L,Mfl422
49,540304,C,T,EX,nonsyn,G,D,Mfl459
49,555848,C,T,EX,nonsyn,V,I,Mfl471
49,560650,T,G,EX,nonsyn,I,L,Mfl476
49,620657,C,T,EX,nonsyn,V,I,Mfl527
49,744513,G,T,IG,,,,
50,3979,G,C,EX,nonsyn,V,L,Mfl004
50,15075,T,A,EX,nonsyn,Y,*,Mfl011
50,162564,C,A,EX,nonsyn,Q,K,cbiO
50,245331,C,A,EX,nonsyn,S,*,Mfl219
50,270629,T,C,EX,syn,P,P,gid
50,271955,C,G,EX,nonsyn,A,G,Mfl244
50,306493,G,C,IG,,,,
50,336440,T,C,EX,nonsyn,I,T,Mfl291
50,362129,C,T,EX,syn,L,L,Mfl312
50,482711,G,T,EX,nonsyn,Q,K,Mfl413
50,525001,C,T,EX,nonsyn,M,I,Mfl446
50,617221,T,C,EX,nonsyn,N,S,Mfl525
50,617222,T,C,EX,nonsyn,N,D,Mfl525
50,690969,G,C,EX,nonsyn,D,H,Mfl591
50,700747,G,T,EX,nonsyn,P,T,rpoB
50,769966,C,T,EX,nonsyn,V,I,Mfl663
50,772078,G,A,EX,nonsyn,L,F,Mfl665
50,782380,C,G,EX,nonsyn,G,A,Mfl672
55,880,G,T,EX,nonsyn,A,S,dnaA
55,70086,G,T,EX,nonsyn,S,Y,Mfl056
55,73473,G,A,IG,,,,
55,95951,C,G,EX,nonsyn,D,E,Mfl074
55,155078,A,G,EX,syn,V,V,rplR
55,244653,G,C,EX,nonsyn,D,H,Mfl218
55,339010,A,G,EX,nonsyn,Y,C,infB
55,389221,C,A,EX,nonsyn,R,I,Mfl331
55,429611,C,G,EX,nonsyn,T,R,rpsT
55,453756,C,T,EX,nonsyn,M,I,Mfl393
55,523043,C,A,IG,,,,
55,610126,C,T,EX,nonsyn,G,S,Mfl517
55,611205,C,A,EX,nonsyn,M,I,Mfl519
55,638455,T,C,EX,syn,S,S,Mfl544
55,705838,G,T,IG,,,,
55,764884,C,A,EX,nonsyn,D,Y,Mfl657
55,772909,C,T,EX,nonsyn,G,D,Mfl666
55,782440,G,A,EX,nonsyn,A,V,Mfl672
55,790847,G,T,EX,nonsyn,Q,K,Mfl680
56,37112,T,C,EX,syn,D,D,Mfl025
56,45632,G,C,EX,nonsyn,L,F,Mfl033
56,47390,G,A,EX,nonsyn,R,K,Mfl034
56,116834,G,A,EX,nonsyn,A,T,Mfl095
56,118076,G,T,EX,nonsyn,R,I,Mfl096
56,152804,C,T,EX,syn,D,D,rplX
56,248189,G,A,EX,nonsyn,E,K,Mfl221
56,262342,T,C,EX,nonsyn,Y,H,Mfl234
56,268748,C,A,EX,nonsyn,R,S,Mfl241
56,510689,A,G,EX,nonsyn,Y,H,Mfl432
56,578464,C,T,EX,nonsyn,M,I,Mfl491
56,617305,C,A,EX,nonsyn,R,I,Mfl525
56,624419,C,A,EX,nonsyn,E,*,nrdF
56,645436,C,A,EX,nonsyn,V,L,Mfl553
56,656145,G,C,EX,nonsyn,A,G,Mfl564
56,779820,G,T,EX,nonsyn,T,N,gidA
57,3688,T,A,IG,,,,
57,27072,T,C,EX,syn,V,V,Mfl019
57,67043,C,T,EX,nonsyn,A,T,Mfl053
57,70908,G,A,EX,syn,K,K,secA
57,95579,C,G,EX,syn,G,G,Mfl074
57,130118,G,T,EX,nonsyn,A,S,Mfl103
57,204548,G,A,EX,nonsyn,D,N,Mfl175
57,324024,C,T,EX,syn,H,H,Mfl280
57,330221,C,T,EX,syn,V,V,Mfl288
57,366801,G,A,EX,nonsyn,A,T,Mfl314
57,380197,G,T,EX,nonsyn,S,*,Mfl324
57,391566,G,T,EX,nonsyn,A,D,Mfl334
57,411195,G,A,EX,nonsyn,S,L,Mfl354
57,504931,T,G,EX,nonsyn,I,L,Mfl429
57,555265,C,A,IG,,,,
57,588663,T,G,EX,nonsyn,Q,P,Mfl501
58,16165,G,A,EX,nonsyn,D,N,Mfl011
58,17611,G,A,EX,nonsyn,G,R,Mfl012
58,21424,C,T,EX,nonsyn,G,S,Mfl015
58,89160,G,A,EX,nonsyn,G,R,Mfl069
58,125978,C,T,EX,nonsyn,P,S,Mfl100
58,137967,G,A,EX,nonsyn,G,E,Mfl113
58,144431,C,T,EX,nonsyn,T,I,Mfl120
58,155006,C,T,EX,syn,N,N,rplR
58,161553,C,G,EX,nonsyn,A,G,Mfl150
58,169583,G,A,EX,nonsyn,D,N,Mfl156
58,171854,A,G,EX,nonsyn,Y,C,Mfl157
58,172565,C,T,EX,nonsyn,T,M,Mfl157
58,190520,G,A,EX,nonsyn,M,I,Mfl167
58,198338,G,A,EX,nonsyn,G,R,Mfl168
58,237695,G,C,EX,syn,V,V,Mfl213
58,254026,G,A,EX,nonsyn,A,T,Mfl229
58,269855,C,T,EX,syn,N,N,gid
58,281533,G,A,EX,nonsyn,D,N,Mfl252
58,297174,G,A,EX,nonsyn,V,I,Mfl262
58,369212,G,A,EX,nonsyn,D,N,Mfl315
58,383797,G,T,EX,nonsyn,S,*,Mfl326
58,390543,G,T,EX,nonsyn,S,*,Mfl333
58,429882,G,A,EX,nonsyn,Q,*,Mfl369
58,434827,C,T,EX,syn,*,*,Mfl374
58,448432,C,T,EX,syn,L,L,ileS
58,449909,G,A,EX,nonsyn,T,I,ileS
58,454382,C,T,EX,nonsyn,E,K,Mfl393
58,508938,C,G,EX,nonsyn,L,F,Mfl430
58,514705,G,A,EX,nonsyn,A,V,Mfl437
58,517256,C,T,IG,,,,
58,523739,A,G,IG,,,,
58,524328,G,T,IG,,,,
58,531646,G,A,EX,nonsyn,S,L,Mfl449
58,538407,G,A,EX,nonsyn,T,I,Mfl458
58,540340,G,A,EX,nonsyn,T,I,Mfl459
58,570305,C,T,EX,syn,E,E,Mfl485
58,581065,G,A,EX,nonsyn,T,I,Mfl496
58,605201,C,T,EX,nonsyn,G,S,Mfl513
58,620021,T,A,EX,syn,T,T,Mfl526
58,630138,C,A,EX,nonsyn,E,*,Mfl533
58,631682,T,A,EX,syn,T,T,Mfl534
58,632239,T,C,EX,nonsyn,T,A,Mfl534
58,640753,G,C,EX,nonsyn,D,E,Mfl547
58,707246,C,T,EX,nonsyn,V,I,Mfl604
58,728007,G,A,EX,nonsyn,P,L,tuf
58,733804,G,A,EX,nonsyn,P,L,Mfl626
58,738229,G,A,EX,nonsyn,S,L,Mfl632
58,739931,C,T,EX,nonsyn,A,T,prfA
58,761490,G,A,EX,nonsyn,G,R,Mfl654
58,770689,G,A,EX,nonsyn,S,L,Mfl664
58,791129,C,T,IG,,,,
59,118160,C,A,EX,nonsyn,T,N,Mfl096
59,224303,T,C,EX,nonsyn,L,P,Mfl197
59,250037,G,T,EX,nonsyn,E,*,Mfl224
59,311071,C,A,EX,nonsyn,H,N,Mfl270
59,431586,G,A,EX,nonsyn,Q,*,Mfl369
59,444959,G,A,EX,nonsyn,P,L,Mfl386
59,500526,C,G,EX,nonsyn,A,G,Mfl426
59,539559,G,A,EX,nonsyn,T,I,Mfl458
59,541640,C,A,EX,nonsyn,G,C,Mfl459
59,602385,C,G,EX,nonsyn,V,L,Mfl510
59,613676,G,A,EX,nonsyn,P,S,Mfl521
59,629205,C,T,EX,nonsyn,G,R,Mfl533
59,635956,C,T,EX,nonsyn,R,K,trmD
59,714565,G,A,EX,nonsyn,G,E,Mfl610
59,720594,G,A,EX,nonsyn,S,L,Mfl615
59,774359,C,T,EX,nonsyn,G,E,Mfl667
59,203053,T,C,EX,nonsyn,V,A,Mfl174
59,236165,G,C,EX,nonsyn,V,L,Mfl209
59,378647,C,T,EX,nonsyn,S,F,Mfl322
59,409021,G,A,EX,nonsyn,Q,*,Mfl352
59,429615,G,A,EX,syn,A,A,rpsT
59,435114,C,A,EX,nonsyn,D,Y,Mfl375
59,461113,C,A,EX,nonsyn,E,*,Mfl401
59,473578,C,G,EX,nonsyn,*,S,Mfl404
59,561991,C,T,EX,nonsyn,G,E,Mfl477
59,567517,C,T,EX,nonsyn,V,I,Mfl482
59,723466,C,G,EX,nonsyn,V,L,Mfl617
59,751842,G,A,EX,nonsyn,Q,*,Mfl646
59,771271,G,A,EX,nonsyn,T,I,Mfl664
59,791908,G,A,EX,nonsyn,T,I,Mfl681
62,9903,G,A,EX,nonsyn,A,T,Mfl008
62,91290,C,T,EX,nonsyn,Q,*,Mfl070
62,237199,C,T,EX,nonsyn,S,F,Mfl212
62,242529,C,T,IG,,,,
62,263612,G,T,EX,nonsyn,E,*,Mfl236
62,319587,G,A,EX,nonsyn,G,E,Mfl275
62,353519,A,T,EX,nonsyn,N,K,Mfl307
62,369017,G,A,EX,nonsyn,A,T,Mfl315
62,390670,C,T,EX,nonsyn,A,T,Mfl333
62,422425,G,A,EX,nonsyn,Q,*,rpsU
62,435845,T,G,EX,nonsyn,F,L,Mfl376
62,454496,C,A,IG,,,,
62,455464,C,A,EX,nonsyn,A,S,Mfl395
62,547934,C,T,EX,nonsyn,V,I,Mfl462
62,699544,C,T,EX,nonsyn,G,R,rpoB
62,724610,G,A,EX,nonsyn,T,I,Mfl618
62,752332,C,G,IG,,,,
62,771571,C,T,EX,nonsyn,G,D,Mfl664
65,110775,C,T,EX,syn,L,L,Mfl088
65,216967,C,A,IG,,,,
65,269086,C,T,EX,syn,Y,Y,Mfl241
65,311501,G,A,EX,nonsyn,D,N,Mfl271
65,401825,G,T,EX,nonsyn,P,H,Mfl347
65,565625,C,T,EX,nonsyn,V,I,asnC
65,570997,C,T,EX,nonsyn,A,T,Mfl487
65,575852,A,G,EX,syn,G,G,leuS
65,604570,G,T,IG,,,,
65,629955,C,T,EX,nonsyn,V,M,Mfl533
65,632146,G,C,EX,nonsyn,Q,E,Mfl534
65,633492,G,A,EX,nonsyn,S,L,Mfl536
65,640546,G,A,EX,nonsyn,A,V,Mfl546
65,732133,C,T,EX,syn,A,A,rpsL
67,38477,G,A,EX,nonsyn,V,I,Mfl026
67,102497,C,T,IG,,,,
67,167051,G,A,EX,nonsyn,V,I,Mfl156
67,289583,G,A,EX,nonsyn,V,I,Mfl260
67,331452,G,A,EX,nonsyn,D,N,Mfl288
67,380440,G,A,EX,nonsyn,S,L,Mfl324
67,452334,C,T,EX,nonsyn,V,I,Mfl392
67,456315,G,A,EX,nonsyn,T,I,Mfl397
67,472456,C,A,EX,nonsyn,G,V,Mfl404
67,559862,C,T,IG,,,,
67,629220,A,T,EX,nonsyn,Y,N,Mfl533
67,691383,G,A,EX,nonsyn,E,K,Mfl591
67,721662,T,C,EX,nonsyn,I,V,Mfl616
67,778817,G,A,EX,nonsyn,A,V,Mfl670
67,778837,C,T,EX,syn,A,A,Mfl670
67,778838,G,A,EX,nonsyn,A,V,Mfl670
68,30387,G,T,EX,nonsyn,E,*,Mfl021
68,49225,T,C,EX,syn,L,L,Mfl035
68,65457,C,T,EX,nonsyn,V,I,Mfl051
68,76468,C,T,EX,nonsyn,T,I,Mfl059
68,77086,A,G,EX,nonsyn,H,R,Mfl059
68,128445,C,T,EX,nonsyn,T,I,Mfl101
68,149859,C,T,IG,,,,
68,221028,C,G,EX,nonsyn,P,R,Mfl193
68,251290,G,C,EX,nonsyn,C,S,Mfl226
68,277561,A,T,EX,nonsyn,D,E,Mfl247
68,371938,G,A,EX,syn,L,L,Mfl317
68,373065,G,T,EX,nonsyn,E,*,Mfl318
68,449805,G,T,EX,nonsyn,R,S,ileS
68,474442,C,T,EX,nonsyn,G,E,Mfl404
68,480986,A,C,EX,nonsyn,F,L,Mfl411
68,493045,C,T,EX,syn,L,L,Mfl421
68,524223,G,T,IG,,,,
68,531159,T,G,IG,,,,
68,592003,G,C,EX,nonsyn,A,G,tpiA
68,668351,G,T,EX,nonsyn,S,*,Mfl573
68,684844,C,A,EX,nonsyn,S,I,Mfl585
68,712955,G,A,EX,nonsyn,A,V,rplK
68,749091,C,T,EX,nonsyn,D,N,ulaA
68,787942,T,C,EX,nonsyn,E,G,Mfl678
76,24901,C,T,EX,syn,S,S,Mfl018
76,33998,G,T,EX,nonsyn,G,V,Mfl023
76,46675,C,T,EX,nonsyn,T,I,Mfl033
76,131141,C,G,EX,nonsyn,E,Q,Mfl104
76,211515,G,C,EX,nonsyn,V,L,Mfl181
76,401473,G,C,EX,nonsyn,F,L,Mfl347
76,441941,C,T,IG,,,,
76,507222,G,C,EX,nonsyn,T,R,Mfl429
76,596599,C,T,EX,syn,S,S,Mflt025
76,621365,C,G,EX,nonsyn,D,H,Mfl527
76,629327,G,A,EX,nonsyn,T,I,Mfl533
76,641330,A,G,EX,syn,D,D,Mfl548
76,691534,G,C,EX,nonsyn,R,T,Mfl591
76,738077,G,A,EX,nonsyn,L,F,Mfl632
83,35692,G,T,EX,nonsyn,L,F,Mfl024
83,235418,G,A,EX,nonsyn,E,K,Mfl209
83,276438,C,A,EX,nonsyn,V,L,Mfl247
83,304618,G,A,EX,nonsyn,G,S,Mfl265
83,341167,T,A,EX,nonsyn,F,I,Mfl296
83,473693,C,A,EX,nonsyn,E,*,Mfl404
83,498717,T,C,EX,nonsyn,F,S,Mfl425
83,580964,G,A,EX,nonsyn,P,S,Mfl496
83,603323,G,C,EX,nonsyn,H,Q,Mfl511
83,611082,C,T,IG,,,,
83,650459,G,T,EX,nonsyn,H,N,Mfl558
83,690508,G,A,EX,nonsyn,V,I,Mfl590
83,747858,C,T,EX,syn,A,A,Mfl642
83,751595,G,T,EX,nonsyn,A,D,Mfl646
83,760327,G,A,EX,nonsyn,T,I,Mfl653
85,62693,A,G,EX,nonsyn,K,E,Mfl047
85,101544,C,G,EX,nonsyn,P,A,Mfl079
85,108570,C,G,EX,nonsyn,T,R,Mfl086
85,124696,C,T,EX,syn,I,I,Mfl100
85,220338,C,A,EX,nonsyn,R,S,Mfl192
85,224317,G,C,EX,nonsyn,E,Q,Mfl197
85,294286,T,G,EX,syn,L,L,Mfl261
85,349980,G,C,EX,nonsyn,A,P,Mfl304
85,422899,T,G,EX,nonsyn,L,F,Mfl363
85,486103,G,A,EX,nonsyn,A,V,dnaK
85,488795,G,T,IG,,,,
85,512062,G,T,EX,nonsyn,M,I,Mfl434
85,519045,G,A,EX,nonsyn,A,V,Mfl444
85,521293,C,A,EX,nonsyn,D,Y,Mfl444
85,626728,T,C,EX,nonsyn,D,G,Mfl531
85,651395,C,A,EX,nonsyn,D,Y,tsf
85,679986,T,C,EX,nonsyn,N,S,Mfl583
85,700618,C,G,EX,nonsyn,V,L,rpoB
85,778852,C,T,EX,syn,A,A,Mfl670
85,778853,G,A,EX,nonsyn,A,V,Mfl670
90,8912,A,G,EX,nonsyn,*,W,Mfl007
90,15415,C,T,EX,nonsyn,Q,*,Mfl011
90,101397,C,T,EX,syn,L,L,Mfl079
90,175428,G,A,EX,syn,F,F,Mfl158
90,214957,G,T,EX,nonsyn,R,I,Mfl184
90,238301,C,T,EX,syn,N,N,Mfl214
90,256804,G,A,EX,nonsyn,D,N,Mfl232
90,350801,C,T,EX,nonsyn,T,I,Mfl305
90,410584,A,G,EX,syn,L,L,Mfl354
90,410585,G,A,EX,syn,F,F,Mfl354
90,463957,C,A,EX,nonsyn,A,S,Mfl401
90,527046,C,T,EX,nonsyn,E,K,Mfl446
90,616893,A,G,EX,syn,R,R,Mfl525
90,647355,G,T,EX,nonsyn,F,L,argS
90,648499,G,C,EX,nonsyn,S,*,Mfl555
92,55726,C,G,EX,nonsyn,N,K,Mfl040
92,76123,T,C,EX,nonsyn,V,A,Mfl059
92,120593,C,A,EX,nonsyn,A,E,Mfl098
92,161490,C,A,EX,nonsyn,A,E,Mfl150
92,168584,G,C,EX,nonsyn,V,L,Mfl156
92,247256,G,C,EX,nonsyn,G,R,Mfl221
92,264210,A,C,IG,,,,
92,314539,G,A,EX,nonsyn,G,E,Mfl274
92,447393,C,A,EX,nonsyn,M,I,Mfl388
92,449769,C,A,EX,nonsyn,V,F,ileS
92,482305,C,A,EX,nonsyn,A,S,mnmA
92,548212,G,T,EX,nonsyn,S,*,Mfl462
92,558669,C,A,EX,nonsyn,G,V,Mfl473
92,593868,C,A,EX,nonsyn,K,N,Mfl505
92,617507,C,T,EX,nonsyn,V,I,Mfl525
92,630486,G,A,EX,nonsyn,Q,*,Mfl533
92,662017,C,A,EX,nonsyn,S,Y,Mfl569
92,698824,C,T,EX,nonsyn,V,I,Mfl597
92,755692,C,T,EX,nonsyn,M,I,Mfl650
92,782021,C,A,EX,nonsyn,A,S,Mfl672
93,108699,G,T,EX,nonsyn,C,F,Mfl086
93,164938,C,A,EX,nonsyn,P,H,Mfl154
93,200234,G,C,EX,nonsyn,G,A,Mfl170
93,284867,G,T,EX,nonsyn,G,C,Mfl255
93,315564,G,C,EX,nonsyn,E,Q,Mfl274
93,403449,A,T,EX,nonsyn,S,T,Mfl347
93,403450,A,T,EX,syn,V,V,Mfl347
93,403455,A,T,EX,nonsyn,Y,N,Mfl347
93,472448,C,T,EX,nonsyn,A,T,Mfl404
93,550696,C,T,EX,syn,V,V,Mfl465
93,593229,G,C,EX,nonsyn,N,K,Mfl505
93,613403,C,A,EX,nonsyn,G,C,Mfl521
93,623813,G,A,EX,nonsyn,A,V,Mfl528
93,637799,C,A,EX,nonsyn,M,I,Mfl543
93,644453,G,C,EX,nonsyn,D,E,Mfl552
93,650879,G,A,EX,nonsyn,A,V,Mfl559
93,667602,C,T,EX,nonsyn,E,K,Mfl573
93,669668,C,A,EX,nonsyn,S,*,Mfl574
93,705464,G,T,IG,,,,
93,731438,G,A,EX,syn,N,N,Mfl623
93,759951,G,T,EX,nonsyn,N,K,Mfl653